country_region_code,country_region,sub_region_1,sub_region_2,metro_area,iso_3166_2_code,census_fips_code,place_id,date,retail_and_recreation_percent_change_from_baseline,grocery_and_pharmacy_percent_change_from_baseline,parks_percent_change_from_baseline,transit_stations_percent_change_from_baseline,workplaces_percent_change_from_baseline,residential_percent_change_from_baseline
PA,Panama,,,,,,ChIJ4yu-yIMVpo8Rz5ulH03g7nk,2021-01-01,-96,-95,-87,-91,-90,54
PA,Panama,,,,,,ChIJ4yu-yIMVpo8Rz5ulH03g7nk,2021-01-02,-95,-92,-88,-87,-78,43
PA,Panama,,,,,,ChIJ4yu-yIMVpo8Rz5ulH03g7nk,2021-01-03,-94,-94,-88,-85,-66,35
PA,Panama,,,,,,ChIJ4yu-yIMVpo8Rz5ulH03g7nk,2021-01-04,-59,-31,-61,-60,-49,26
PA,Panama,,,,,,ChIJ4yu-yIMVpo8Rz5ulH03g7nk,2021-01-05,-58,-27,-61,-58,-51,27
PA,Panama,,,,,,ChIJ4yu-yIMVpo8Rz5ulH03g7nk,2021-01-06,-58,-30,-61,-58,-48,28
PA,Panama,,,,,,ChIJ4yu-yIMVpo8Rz5ulH03g7nk,2021-01-07,-57,-27,-62,-58,-49,28
PA,Panama,,,,,,ChIJ4yu-yIMVpo8Rz5ulH03g7nk,2021-01-08,-55,-16,-61,-55,-47,27
PA,Panama,,,,,,ChIJ4yu-yIMVpo8Rz5ulH03g7nk,2021-01-09,-94,-93,-88,-87,-80,43
PA,Panama,,,,,,ChIJ4yu-yIMVpo8Rz5ulH03g7nk,2021-01-10,-94,-94,-89,-86,-65,34
PA,Panama,,,,,,ChIJ4yu-yIMVpo8Rz5ulH03g7nk,2021-01-11,-55,-27,-62,-56,-46,24
PA,Panama,,,,,,ChIJ4yu-yIMVpo8Rz5ulH03g7nk,2021-01-12,-57,-27,-63,-58,-49,24
PA,Panama,,,,,,ChIJ4yu-yIMVpo8Rz5ulH03g7nk,2021-01-13,-59,-34,-64,-59,-49,24
PA,Panama,,,,,,ChIJ4yu-yIMVpo8Rz5ulH03g7nk,2021-01-14,-53,-25,-59,-55,-46,21
PA,Panama,,,,,,ChIJ4yu-yIMVpo8Rz5ulH03g7nk,2021-01-15,-46,-10,-53,-45,-42,16
PA,Panama,,,,,,ChIJ4yu-yIMVpo8Rz5ulH03g7nk,2021-01-16,-86,-82,-83,-82,-68,35
PA,Panama,,,,,,ChIJ4yu-yIMVpo8Rz5ulH03g7nk,2021-01-17,-89,-87,-84,-83,-61,30
PA,Panama,,,,,,ChIJ4yu-yIMVpo8Rz5ulH03g7nk,2021-01-18,-45,-20,-50,-44,-40,15
PA,Panama,,,,,,ChIJ4yu-yIMVpo8Rz5ulH03g7nk,2021-01-19,-48,-23,-53,-47,-43,17
PA,Panama,,,,,,ChIJ4yu-yIMVpo8Rz5ulH03g7nk,2021-01-20,-49,-25,-52,-46,-40,17
PA,Panama,,,,,,ChIJ4yu-yIMVpo8Rz5ulH03g7nk,2021-01-21,-49,-23,-54,-48,-41,18
PA,Panama,,,,,,ChIJ4yu-yIMVpo8Rz5ulH03g7nk,2021-01-22,-44,-11,-50,-41,-37,15
PA,Panama,,,,,,ChIJ4yu-yIMVpo8Rz5ulH03g7nk,2021-01-23,-86,-82,-82,-82,-67,35
PA,Panama,,,,,,ChIJ4yu-yIMVpo8Rz5ulH03g7nk,2021-01-24,-89,-88,-83,-83,-59,30
PA,Panama,,,,,,ChIJ4yu-yIMVpo8Rz5ulH03g7nk,2021-01-25,-44,-20,-49,-42,-37,14
PA,Panama,,,,,,ChIJ4yu-yIMVpo8Rz5ulH03g7nk,2021-01-26,-47,-24,-52,-47,-40,16
PA,Panama,,,,,,ChIJ4yu-yIMVpo8Rz5ulH03g7nk,2021-01-27,-47,-24,-50,-45,-37,17
PA,Panama,,,,,,ChIJ4yu-yIMVpo8Rz5ulH03g7nk,2021-01-28,-46,-20,-52,-46,-38,16
PA,Panama,,,,,,ChIJ4yu-yIMVpo8Rz5ulH03g7nk,2021-01-29,-38,-1,-44,-35,-34,11
PA,Panama,,,,,,ChIJ4yu-yIMVpo8Rz5ulH03g7nk,2021-01-30,-85,-79,-80,-80,-65,32
PA,Panama,,,,,,ChIJ4yu-yIMVpo8Rz5ulH03g7nk,2021-01-31,-87,-86,-82,-82,-58,28
PA,Panama,,,,,,ChIJ4yu-yIMVpo8Rz5ulH03g7nk,2021-02-01,-35,-11,-42,-35,-33,8
PA,Panama,,,,,,ChIJ4yu-yIMVpo8Rz5ulH03g7nk,2021-02-02,-40,-16,-48,-41,-36,11
PA,Panama,,,,,,ChIJ4yu-yIMVpo8Rz5ulH03g7nk,2021-02-03,-42,-21,-48,-42,-33,13
PA,Panama,,,,,,ChIJ4yu-yIMVpo8Rz5ulH03g7nk,2021-02-04,-43,-19,-48,-44,-34,14
PA,Panama,,,,,,ChIJ4yu-yIMVpo8Rz5ulH03g7nk,2021-02-05,-36,-1,-43,-35,-31,10
PA,Panama,,,,,,ChIJ4yu-yIMVpo8Rz5ulH03g7nk,2021-02-06,-85,-80,-79,-81,-65,33
PA,Panama,,,,,,ChIJ4yu-yIMVpo8Rz5ulH03g7nk,2021-02-07,-88,-86,-81,-83,-58,29
PA,Panama,,,,,,ChIJ4yu-yIMVpo8Rz5ulH03g7nk,2021-02-08,-33,-9,-44,-37,-31,9
PA,Panama,,,,,,ChIJ4yu-yIMVpo8Rz5ulH03g7nk,2021-02-09,-37,-14,-47,-41,-33,12
PA,Panama,,,,,,ChIJ4yu-yIMVpo8Rz5ulH03g7nk,2021-02-10,-38,-15,-46,-40,-31,12
PA,Panama,,,,,,ChIJ4yu-yIMVpo8Rz5ulH03g7nk,2021-02-11,-34,-7,-47,-40,-31,10
PA,Panama,,,,,,ChIJ4yu-yIMVpo8Rz5ulH03g7nk,2021-02-12,-26,15,-41,-29,-29,4
PA,Panama,,,,,,ChIJ4yu-yIMVpo8Rz5ulH03g7nk,2021-02-13,-83,-77,-79,-80,-64,29
PA,Panama,,,,,,ChIJ4yu-yIMVpo8Rz5ulH03g7nk,2021-02-14,-85,-84,-80,-82,-57,26
PA,Panama,,,,,,ChIJ4yu-yIMVpo8Rz5ulH03g7nk,2021-02-15,-23,10,-39,-34,-34,4
PA,Panama,,,,,,ChIJ4yu-yIMVpo8Rz5ulH03g7nk,2021-02-16,-48,-21,-41,-61,-73,17
PA,Panama,,,,,,ChIJ4yu-yIMVpo8Rz5ulH03g7nk,2021-02-17,-35,-9,-46,-37,-30,7
PA,Panama,,,,,,ChIJ4yu-yIMVpo8Rz5ulH03g7nk,2021-02-18,-33,-6,-46,-37,-30,8
PA,Panama,,,,,,ChIJ4yu-yIMVpo8Rz5ulH03g7nk,2021-02-19,-28,10,-44,-29,-27,5
PA,Panama,,,,,,ChIJ4yu-yIMVpo8Rz5ulH03g7nk,2021-02-20,-82,-77,-78,-80,-63,29
PA,Panama,,,,,,ChIJ4yu-yIMVpo8Rz5ulH03g7nk,2021-02-21,-86,-84,-79,-81,-57,26
PA,Panama,,,,,,ChIJ4yu-yIMVpo8Rz5ulH03g7nk,2021-02-22,-25,3,-39,-31,-26,3
PA,Panama,,,,,,ChIJ4yu-yIMVpo8Rz5ulH03g7nk,2021-02-23,-30,-6,-44,-36,-29,7
PA,Panama,,,,,,ChIJ4yu-yIMVpo8Rz5ulH03g7nk,2021-02-24,-33,-11,-42,-36,-27,8
PA,Panama,,,,,,ChIJ4yu-yIMVpo8Rz5ulH03g7nk,2021-02-25,-29,-4,-44,-35,-27,7
PA,Panama,,,,,,ChIJ4yu-yIMVpo8Rz5ulH03g7nk,2021-02-26,-21,17,-38,-25,-24,3
PA,Panama,,,,,,ChIJ4yu-yIMVpo8Rz5ulH03g7nk,2021-02-27,-81,-75,-77,-79,-61,28
PA,Panama,,,,,,ChIJ4yu-yIMVpo8Rz5ulH03g7nk,2021-02-28,-84,-83,-78,-79,-55,25
PA,Panama,,,,,,ChIJ4yu-yIMVpo8Rz5ulH03g7nk,2021-03-01,-21,9,-39,-27,-26,4
PA,Panama,,,,,,ChIJ4yu-yIMVpo8Rz5ulH03g7nk,2021-03-02,-27,-1,-45,-34,-29,7
PA,Panama,,,,,,ChIJ4yu-yIMVpo8Rz5ulH03g7nk,2021-03-03,-32,-9,-44,-35,-27,9
PA,Panama,,,,,,ChIJ4yu-yIMVpo8Rz5ulH03g7nk,2021-03-04,-31,-7,-45,-36,-28,9
PA,Panama,,,,,,ChIJ4yu-yIMVpo8Rz5ulH03g7nk,2021-03-05,-30,-5,-43,-32,-25,8
PA,Panama,,,,,,ChIJ4yu-yIMVpo8Rz5ulH03g7nk,2021-03-06,-35,-13,-44,-38,-25,6
PA,Panama,,,,,,ChIJ4yu-yIMVpo8Rz5ulH03g7nk,2021-03-07,-48,-39,-49,-48,-22,7
PA,Panama,,,,,,ChIJ4yu-yIMVpo8Rz5ulH03g7nk,2021-03-08,-34,-14,-47,-36,-27,9
PA,Panama,,,,,,ChIJ4yu-yIMVpo8Rz5ulH03g7nk,2021-03-09,-34,-11,-46,-37,-29,9
PA,Panama,,,,,,ChIJ4yu-yIMVpo8Rz5ulH03g7nk,2021-03-10,-35,-13,-46,-36,-27,10
PA,Panama,,,,,,ChIJ4yu-yIMVpo8Rz5ulH03g7nk,2021-03-11,-32,-8,-47,-38,-27,9
PA,Panama,,,,,,ChIJ4yu-yIMVpo8Rz5ulH03g7nk,2021-03-12,-29,-4,-44,-32,-24,8
PA,Panama,,,,,,ChIJ4yu-yIMVpo8Rz5ulH03g7nk,2021-03-13,-31,-7,-43,-34,-22,4
PA,Panama,,,,,,ChIJ4yu-yIMVpo8Rz5ulH03g7nk,2021-03-14,-41,-29,-45,-43,-18,4
PA,Panama,,,,,,ChIJ4yu-yIMVpo8Rz5ulH03g7nk,2021-03-15,-27,-2,-43,-31,-24,7
PA,Panama,,,,,,ChIJ4yu-yIMVpo8Rz5ulH03g7nk,2021-03-16,-28,-1,-44,-32,-26,8
PA,Panama,,,,,,ChIJ4yu-yIMVpo8Rz5ulH03g7nk,2021-03-17,-31,-6,-44,-32,-24,9
PA,Panama,,,,,,ChIJ4yu-yIMVpo8Rz5ulH03g7nk,2021-03-18,-31,-7,-48,-35,-25,9
PA,Panama,,,,,,ChIJ4yu-yIMVpo8Rz5ulH03g7nk,2021-03-19,-30,-6,-45,-31,-22,8
PA,Panama,,,,,,ChIJ4yu-yIMVpo8Rz5ulH03g7nk,2021-03-20,-32,-10,-43,-34,-21,5
PA,Panama,,,,,,ChIJ4yu-yIMVpo8Rz5ulH03g7nk,2021-03-21,-42,-33,-46,-43,-19,5
PA,Panama,,,,,,ChIJ4yu-yIMVpo8Rz5ulH03g7nk,2021-03-22,-32,-11,-44,-34,-23,8
PA,Panama,,,,,,ChIJ4yu-yIMVpo8Rz5ulH03g7nk,2021-03-23,-32,-11,-46,-36,-25,9
PA,Panama,,,,,,ChIJ4yu-yIMVpo8Rz5ulH03g7nk,2021-03-24,-35,-14,-45,-35,-24,10
PA,Panama,,,,,,ChIJ4yu-yIMVpo8Rz5ulH03g7nk,2021-03-25,-31,-10,-47,-36,-25,10
PA,Panama,,,,,,ChIJ4yu-yIMVpo8Rz5ulH03g7nk,2021-03-26,-30,-7,-43,-30,-22,9
PA,Panama,,,,,,ChIJ4yu-yIMVpo8Rz5ulH03g7nk,2021-03-27,-32,-11,-43,-34,-20,5
PA,Panama,,,,,,ChIJ4yu-yIMVpo8Rz5ulH03g7nk,2021-03-28,-43,-32,-45,-44,-19,6
PA,Panama,,,,,,ChIJ4yu-yIMVpo8Rz5ulH03g7nk,2021-03-29,-29,-7,-43,-34,-23,8
PA,Panama,,,,,,ChIJ4yu-yIMVpo8Rz5ulH03g7nk,2021-03-30,-25,-2,-44,-32,-24,7
PA,Panama,,,,,,ChIJ4yu-yIMVpo8Rz5ulH03g7nk,2021-03-31,-22,4,-39,-27,-23,5
PA,Panama,,,,,,ChIJ4yu-yIMVpo8Rz5ulH03g7nk,2021-04-01,-18,18,-34,-32,-34,5
PA,Panama,,,,,,ChIJ4yu-yIMVpo8Rz5ulH03g7nk,2021-04-02,-68,-45,-50,-70,-77,28
PA,Panama,,,,,,ChIJ4yu-yIMVpo8Rz5ulH03g7nk,2021-04-03,-43,-22,-41,-50,-42,9
PA,Panama,,,,,,ChIJ4yu-yIMVpo8Rz5ulH03g7nk,2021-04-04,-47,-39,-52,-48,-22,4
PA,Panama,,,,,,ChIJ4yu-yIMVpo8Rz5ulH03g7nk,2021-04-05,-30,-6,-44,-33,-23,7
PA,Panama,,,,,,ChIJ4yu-yIMVpo8Rz5ulH03g7nk,2021-04-06,-31,-9,-46,-35,-25,9
PA,Panama,,,,,,ChIJ4yu-yIMVpo8Rz5ulH03g7nk,2021-04-07,-34,-11,-47,-35,-24,10
PA,Panama,,,,,,ChIJ4yu-yIMVpo8Rz5ulH03g7nk,2021-04-08,-32,-9,-50,-36,-23,10
PA,Panama,,,,,,ChIJ4yu-yIMVpo8Rz5ulH03g7nk,2021-04-09,-33,-11,-51,-35,-21,11
PA,Panama,,,,,,ChIJ4yu-yIMVpo8Rz5ulH03g7nk,2021-04-10,-32,-11,-46,-35,-19,6
PA,Panama,,,,,,ChIJ4yu-yIMVpo8Rz5ulH03g7nk,2021-04-11,-41,-31,-50,-44,-17,7
PA,Panama,,,,,,ChIJ4yu-yIMVpo8Rz5ulH03g7nk,2021-04-12,-28,-4,-46,-33,-21,8
PA,Panama,,,,,,ChIJ4yu-yIMVpo8Rz5ulH03g7nk,2021-04-13,-27,-2,-48,-34,-23,9
PA,Panama,,,,,,ChIJ4yu-yIMVpo8Rz5ulH03g7nk,2021-04-14,-26,0,-46,-32,-22,8
PA,Panama,,,,,,ChIJ4yu-yIMVpo8Rz5ulH03g7nk,2021-04-15,-20,5,-47,-30,-21,8
PA,Panama,,,,,,ChIJ4yu-yIMVpo8Rz5ulH03g7nk,2021-04-16,-22,3,-49,-27,-19,8
PA,Panama,,,,,,ChIJ4yu-yIMVpo8Rz5ulH03g7nk,2021-04-17,-22,1,-49,-29,-18,4
PA,Panama,,,,,,ChIJ4yu-yIMVpo8Rz5ulH03g7nk,2021-04-18,-30,-20,-52,-35,-13,4
PA,Panama,,,,,,ChIJ4yu-yIMVpo8Rz5ulH03g7nk,2021-04-19,-24,0,-45,-30,-20,8
PA,Panama,,,,,,ChIJ4yu-yIMVpo8Rz5ulH03g7nk,2021-04-20,-24,1,-46,-31,-22,8
PA,Panama,,,,,,ChIJ4yu-yIMVpo8Rz5ulH03g7nk,2021-04-21,-28,-4,-45,-30,-21,9
PA,Panama,,,,,,ChIJ4yu-yIMVpo8Rz5ulH03g7nk,2021-04-22,-25,-3,-46,-32,-20,9
PA,Panama,,,,,,ChIJ4yu-yIMVpo8Rz5ulH03g7nk,2021-04-23,-25,-5,-44,-29,-18,9
PA,Panama,,,,,,ChIJ4yu-yIMVpo8Rz5ulH03g7nk,2021-04-24,-25,-7,-46,-31,-16,5
PA,Panama,,,Panama City Metropolitan Area,,,ChIJc3PJK-BVq48RzJpuQZWFv4s,2021-01-01,-97,-96,-93,-90,-92,57
PA,Panama,,,Panama City Metropolitan Area,,,ChIJc3PJK-BVq48RzJpuQZWFv4s,2021-01-02,-95,-93,-92,-86,-80,44
PA,Panama,,,Panama City Metropolitan Area,,,ChIJc3PJK-BVq48RzJpuQZWFv4s,2021-01-03,-94,-94,-92,-84,-67,35
PA,Panama,,,Panama City Metropolitan Area,,,ChIJc3PJK-BVq48RzJpuQZWFv4s,2021-01-04,-70,-38,-77,-62,-58,32
PA,Panama,,,Panama City Metropolitan Area,,,ChIJc3PJK-BVq48RzJpuQZWFv4s,2021-01-05,-67,-32,-75,-60,-59,33
PA,Panama,,,Panama City Metropolitan Area,,,ChIJc3PJK-BVq48RzJpuQZWFv4s,2021-01-06,-68,-37,-75,-60,-56,33
PA,Panama,,,Panama City Metropolitan Area,,,ChIJc3PJK-BVq48RzJpuQZWFv4s,2021-01-07,-66,-32,-75,-60,-57,33
PA,Panama,,,Panama City Metropolitan Area,,,ChIJc3PJK-BVq48RzJpuQZWFv4s,2021-01-08,-64,-20,-72,-56,-55,32
PA,Panama,,,Panama City Metropolitan Area,,,ChIJc3PJK-BVq48RzJpuQZWFv4s,2021-01-09,-95,-94,-93,-86,-82,44
PA,Panama,,,Panama City Metropolitan Area,,,ChIJc3PJK-BVq48RzJpuQZWFv4s,2021-01-10,-94,-94,-93,-85,-67,35
PA,Panama,,,Panama City Metropolitan Area,,,ChIJc3PJK-BVq48RzJpuQZWFv4s,2021-01-11,-64,-34,-76,-58,-54,30
PA,Panama,,,Panama City Metropolitan Area,,,ChIJc3PJK-BVq48RzJpuQZWFv4s,2021-01-12,-65,-31,-74,-60,-57,30
PA,Panama,,,Panama City Metropolitan Area,,,ChIJc3PJK-BVq48RzJpuQZWFv4s,2021-01-13,-68,-41,-75,-60,-56,29
PA,Panama,,,Panama City Metropolitan Area,,,ChIJc3PJK-BVq48RzJpuQZWFv4s,2021-01-14,-60,-29,-65,-56,-53,25
PA,Panama,,,Panama City Metropolitan Area,,,ChIJc3PJK-BVq48RzJpuQZWFv4s,2021-01-15,-50,-5,-54,-43,-48,19
PA,Panama,,,Panama City Metropolitan Area,,,ChIJc3PJK-BVq48RzJpuQZWFv4s,2021-01-16,-93,-92,-92,-84,-76,40
PA,Panama,,,Panama City Metropolitan Area,,,ChIJc3PJK-BVq48RzJpuQZWFv4s,2021-01-17,-93,-94,-92,-85,-68,33
PA,Panama,,,Panama City Metropolitan Area,,,ChIJc3PJK-BVq48RzJpuQZWFv4s,2021-01-18,-47,-18,-52,-43,-45,17
PA,Panama,,,Panama City Metropolitan Area,,,ChIJc3PJK-BVq48RzJpuQZWFv4s,2021-01-19,-52,-22,-54,-46,-48,20
PA,Panama,,,Panama City Metropolitan Area,,,ChIJc3PJK-BVq48RzJpuQZWFv4s,2021-01-20,-52,-26,-54,-46,-44,21
PA,Panama,,,Panama City Metropolitan Area,,,ChIJc3PJK-BVq48RzJpuQZWFv4s,2021-01-21,-52,-24,-55,-48,-45,21
PA,Panama,,,Panama City Metropolitan Area,,,ChIJc3PJK-BVq48RzJpuQZWFv4s,2021-01-22,-47,-5,-48,-38,-43,17
PA,Panama,,,Panama City Metropolitan Area,,,ChIJc3PJK-BVq48RzJpuQZWFv4s,2021-01-23,-93,-91,-91,-84,-75,40
PA,Panama,,,Panama City Metropolitan Area,,,ChIJc3PJK-BVq48RzJpuQZWFv4s,2021-01-24,-93,-94,-92,-85,-66,33
PA,Panama,,,Panama City Metropolitan Area,,,ChIJc3PJK-BVq48RzJpuQZWFv4s,2021-01-25,-46,-19,-50,-41,-41,16
PA,Panama,,,Panama City Metropolitan Area,,,ChIJc3PJK-BVq48RzJpuQZWFv4s,2021-01-26,-50,-23,-50,-46,-45,19
PA,Panama,,,Panama City Metropolitan Area,,,ChIJc3PJK-BVq48RzJpuQZWFv4s,2021-01-27,-51,-26,-51,-44,-42,20
PA,Panama,,,Panama City Metropolitan Area,,,ChIJc3PJK-BVq48RzJpuQZWFv4s,2021-01-28,-50,-21,-53,-46,-43,19
PA,Panama,,,Panama City Metropolitan Area,,,ChIJc3PJK-BVq48RzJpuQZWFv4s,2021-01-29,-41,6,-41,-33,-40,13
PA,Panama,,,Panama City Metropolitan Area,,,ChIJc3PJK-BVq48RzJpuQZWFv4s,2021-01-30,-92,-90,-90,-83,-73,38
PA,Panama,,,Panama City Metropolitan Area,,,ChIJc3PJK-BVq48RzJpuQZWFv4s,2021-01-31,-93,-93,-91,-84,-66,32
PA,Panama,,,Panama City Metropolitan Area,,,ChIJc3PJK-BVq48RzJpuQZWFv4s,2021-02-01,-36,-11,-46,-34,-37,11
PA,Panama,,,Panama City Metropolitan Area,,,ChIJc3PJK-BVq48RzJpuQZWFv4s,2021-02-02,-41,-14,-48,-39,-40,15
PA,Panama,,,Panama City Metropolitan Area,,,ChIJc3PJK-BVq48RzJpuQZWFv4s,2021-02-03,-44,-21,-49,-40,-37,16
PA,Panama,,,Panama City Metropolitan Area,,,ChIJc3PJK-BVq48RzJpuQZWFv4s,2021-02-04,-46,-20,-49,-44,-39,17
PA,Panama,,,Panama City Metropolitan Area,,,ChIJc3PJK-BVq48RzJpuQZWFv4s,2021-02-05,-38,5,-41,-33,-36,12
PA,Panama,,,Panama City Metropolitan Area,,,ChIJc3PJK-BVq48RzJpuQZWFv4s,2021-02-06,-92,-90,-89,-83,-72,38
PA,Panama,,,Panama City Metropolitan Area,,,ChIJc3PJK-BVq48RzJpuQZWFv4s,2021-02-07,-93,-93,-91,-85,-65,32
PA,Panama,,,Panama City Metropolitan Area,,,ChIJc3PJK-BVq48RzJpuQZWFv4s,2021-02-08,-33,-5,-47,-35,-35,11
PA,Panama,,,Panama City Metropolitan Area,,,ChIJc3PJK-BVq48RzJpuQZWFv4s,2021-02-09,-37,-13,-47,-40,-38,15
PA,Panama,,,Panama City Metropolitan Area,,,ChIJc3PJK-BVq48RzJpuQZWFv4s,2021-02-10,-39,-14,-50,-39,-36,15
PA,Panama,,,Panama City Metropolitan Area,,,ChIJc3PJK-BVq48RzJpuQZWFv4s,2021-02-11,-36,-6,-50,-40,-36,13
PA,Panama,,,Panama City Metropolitan Area,,,ChIJc3PJK-BVq48RzJpuQZWFv4s,2021-02-12,-27,25,-43,-26,-34,7
PA,Panama,,,Panama City Metropolitan Area,,,ChIJc3PJK-BVq48RzJpuQZWFv4s,2021-02-13,-92,-89,-89,-82,-72,35
PA,Panama,,,Panama City Metropolitan Area,,,ChIJc3PJK-BVq48RzJpuQZWFv4s,2021-02-14,-92,-92,-90,-84,-64,31
PA,Panama,,,Panama City Metropolitan Area,,,ChIJc3PJK-BVq48RzJpuQZWFv4s,2021-02-15,-24,12,-47,-33,-38,7
PA,Panama,,,Panama City Metropolitan Area,,,ChIJc3PJK-BVq48RzJpuQZWFv4s,2021-02-16,-52,-24,-47,-60,-76,21
PA,Panama,,,Panama City Metropolitan Area,,,ChIJc3PJK-BVq48RzJpuQZWFv4s,2021-02-17,-38,-12,-50,-36,-34,11
PA,Panama,,,Panama City Metropolitan Area,,,ChIJc3PJK-BVq48RzJpuQZWFv4s,2021-02-18,-36,-9,-50,-37,-35,12
PA,Panama,,,Panama City Metropolitan Area,,,ChIJc3PJK-BVq48RzJpuQZWFv4s,2021-02-19,-30,16,-48,-26,-32,8
PA,Panama,,,Panama City Metropolitan Area,,,ChIJc3PJK-BVq48RzJpuQZWFv4s,2021-02-20,-91,-89,-89,-83,-71,35
PA,Panama,,,Panama City Metropolitan Area,,,ChIJc3PJK-BVq48RzJpuQZWFv4s,2021-02-21,-92,-93,-91,-83,-64,31
PA,Panama,,,Panama City Metropolitan Area,,,ChIJc3PJK-BVq48RzJpuQZWFv4s,2021-02-22,-26,4,-43,-30,-30,6
PA,Panama,,,Panama City Metropolitan Area,,,ChIJc3PJK-BVq48RzJpuQZWFv4s,2021-02-23,-31,-7,-44,-36,-34,11
PA,Panama,,,Panama City Metropolitan Area,,,ChIJc3PJK-BVq48RzJpuQZWFv4s,2021-02-24,-35,-13,-45,-36,-32,12
PA,Panama,,,Panama City Metropolitan Area,,,ChIJc3PJK-BVq48RzJpuQZWFv4s,2021-02-25,-32,-6,-47,-35,-32,11
PA,Panama,,,Panama City Metropolitan Area,,,ChIJc3PJK-BVq48RzJpuQZWFv4s,2021-02-26,-22,24,-39,-23,-30,5
PA,Panama,,,Panama City Metropolitan Area,,,ChIJc3PJK-BVq48RzJpuQZWFv4s,2021-02-27,-90,-89,-88,-82,-69,34
PA,Panama,,,Panama City Metropolitan Area,,,ChIJc3PJK-BVq48RzJpuQZWFv4s,2021-02-28,-91,-92,-90,-82,-62,30
PA,Panama,,,Panama City Metropolitan Area,,,ChIJc3PJK-BVq48RzJpuQZWFv4s,2021-03-01,-21,11,-43,-26,-30,7
PA,Panama,,,Panama City Metropolitan Area,,,ChIJc3PJK-BVq48RzJpuQZWFv4s,2021-03-02,-27,0,-44,-33,-33,11
PA,Panama,,,Panama City Metropolitan Area,,,ChIJc3PJK-BVq48RzJpuQZWFv4s,2021-03-03,-33,-10,-45,-34,-31,13
PA,Panama,,,Panama City Metropolitan Area,,,ChIJc3PJK-BVq48RzJpuQZWFv4s,2021-03-04,-33,-8,-46,-36,-32,13
PA,Panama,,,Panama City Metropolitan Area,,,ChIJc3PJK-BVq48RzJpuQZWFv4s,2021-03-05,-31,-2,-41,-30,-30,11
PA,Panama,,,Panama City Metropolitan Area,,,ChIJc3PJK-BVq48RzJpuQZWFv4s,2021-03-06,-35,-15,-45,-34,-27,8
PA,Panama,,,Panama City Metropolitan Area,,,ChIJc3PJK-BVq48RzJpuQZWFv4s,2021-03-07,-44,-33,-49,-46,-22,9
PA,Panama,,,Panama City Metropolitan Area,,,ChIJc3PJK-BVq48RzJpuQZWFv4s,2021-03-08,-35,-14,-51,-35,-31,13
PA,Panama,,,Panama City Metropolitan Area,,,ChIJc3PJK-BVq48RzJpuQZWFv4s,2021-03-09,-34,-12,-45,-36,-33,13
PA,Panama,,,Panama City Metropolitan Area,,,ChIJc3PJK-BVq48RzJpuQZWFv4s,2021-03-10,-37,-14,-46,-35,-30,14
PA,Panama,,,Panama City Metropolitan Area,,,ChIJc3PJK-BVq48RzJpuQZWFv4s,2021-03-11,-34,-10,-48,-38,-31,13
PA,Panama,,,Panama City Metropolitan Area,,,ChIJc3PJK-BVq48RzJpuQZWFv4s,2021-03-12,-29,0,-42,-29,-29,11
PA,Panama,,,Panama City Metropolitan Area,,,ChIJc3PJK-BVq48RzJpuQZWFv4s,2021-03-13,-31,-8,-46,-30,-25,7
PA,Panama,,,Panama City Metropolitan Area,,,ChIJc3PJK-BVq48RzJpuQZWFv4s,2021-03-14,-37,-20,-47,-41,-19,6
PA,Panama,,,Panama City Metropolitan Area,,,ChIJc3PJK-BVq48RzJpuQZWFv4s,2021-03-15,-27,-2,-47,-30,-28,11
PA,Panama,,,Panama City Metropolitan Area,,,ChIJc3PJK-BVq48RzJpuQZWFv4s,2021-03-16,-28,-2,-44,-31,-31,12
PA,Panama,,,Panama City Metropolitan Area,,,ChIJc3PJK-BVq48RzJpuQZWFv4s,2021-03-17,-33,-8,-47,-31,-28,13
PA,Panama,,,Panama City Metropolitan Area,,,ChIJc3PJK-BVq48RzJpuQZWFv4s,2021-03-18,-33,-9,-50,-34,-30,13
PA,Panama,,,Panama City Metropolitan Area,,,ChIJc3PJK-BVq48RzJpuQZWFv4s,2021-03-19,-30,-3,-45,-29,-28,11
PA,Panama,,,Panama City Metropolitan Area,,,ChIJc3PJK-BVq48RzJpuQZWFv4s,2021-03-20,-32,-12,-47,-31,-24,8
PA,Panama,,,Panama City Metropolitan Area,,,ChIJc3PJK-BVq48RzJpuQZWFv4s,2021-03-21,-38,-26,-45,-41,-19,7
PA,Panama,,,Panama City Metropolitan Area,,,ChIJc3PJK-BVq48RzJpuQZWFv4s,2021-03-22,-33,-11,-48,-33,-27,12
PA,Panama,,,Panama City Metropolitan Area,,,ChIJc3PJK-BVq48RzJpuQZWFv4s,2021-03-23,-32,-11,-47,-34,-30,13
PA,Panama,,,Panama City Metropolitan Area,,,ChIJc3PJK-BVq48RzJpuQZWFv4s,2021-03-24,-36,-14,-48,-33,-28,13
PA,Panama,,,Panama City Metropolitan Area,,,ChIJc3PJK-BVq48RzJpuQZWFv4s,2021-03-25,-33,-11,-50,-35,-29,13
PA,Panama,,,Panama City Metropolitan Area,,,ChIJc3PJK-BVq48RzJpuQZWFv4s,2021-03-26,-30,-4,-43,-27,-27,12
PA,Panama,,,Panama City Metropolitan Area,,,ChIJc3PJK-BVq48RzJpuQZWFv4s,2021-03-27,-32,-11,-47,-30,-23,8
PA,Panama,,,Panama City Metropolitan Area,,,ChIJc3PJK-BVq48RzJpuQZWFv4s,2021-03-28,-40,-24,-47,-42,-20,8
PA,Panama,,,Panama City Metropolitan Area,,,ChIJc3PJK-BVq48RzJpuQZWFv4s,2021-03-29,-30,-7,-50,-32,-27,11
PA,Panama,,,Panama City Metropolitan Area,,,ChIJc3PJK-BVq48RzJpuQZWFv4s,2021-03-30,-26,-2,-47,-30,-29,11
PA,Panama,,,Panama City Metropolitan Area,,,ChIJc3PJK-BVq48RzJpuQZWFv4s,2021-03-31,-26,1,-45,-26,-27,9
PA,Panama,,,Panama City Metropolitan Area,,,ChIJc3PJK-BVq48RzJpuQZWFv4s,2021-04-01,-26,10,-47,-34,-39,9
PA,Panama,,,Panama City Metropolitan Area,,,ChIJc3PJK-BVq48RzJpuQZWFv4s,2021-04-02,-76,-53,-64,-70,-81,32
PA,Panama,,,Panama City Metropolitan Area,,,ChIJc3PJK-BVq48RzJpuQZWFv4s,2021-04-03,-50,-32,-60,-48,-47,12
PA,Panama,,,Panama City Metropolitan Area,,,ChIJc3PJK-BVq48RzJpuQZWFv4s,2021-04-04,-46,-36,-60,-47,-23,5
PA,Panama,,,Panama City Metropolitan Area,,,ChIJc3PJK-BVq48RzJpuQZWFv4s,2021-04-05,-32,-9,-51,-32,-27,10
PA,Panama,,,Panama City Metropolitan Area,,,ChIJc3PJK-BVq48RzJpuQZWFv4s,2021-04-06,-32,-9,-48,-34,-29,13
PA,Panama,,,Panama City Metropolitan Area,,,ChIJc3PJK-BVq48RzJpuQZWFv4s,2021-04-07,-35,-12,-51,-34,-28,14
PA,Panama,,,Panama City Metropolitan Area,,,ChIJc3PJK-BVq48RzJpuQZWFv4s,2021-04-08,-33,-9,-51,-35,-28,14
PA,Panama,,,Panama City Metropolitan Area,,,ChIJc3PJK-BVq48RzJpuQZWFv4s,2021-04-09,-32,-6,-50,-32,-27,14
PA,Panama,,,Panama City Metropolitan Area,,,ChIJc3PJK-BVq48RzJpuQZWFv4s,2021-04-10,-30,-10,-46,-31,-22,9
PA,Panama,,,Panama City Metropolitan Area,,,ChIJc3PJK-BVq48RzJpuQZWFv4s,2021-04-11,-36,-21,-48,-41,-18,9
PA,Panama,,,Panama City Metropolitan Area,,,ChIJc3PJK-BVq48RzJpuQZWFv4s,2021-04-12,-29,-4,-49,-32,-25,12
PA,Panama,,,Panama City Metropolitan Area,,,ChIJc3PJK-BVq48RzJpuQZWFv4s,2021-04-13,-29,-2,-49,-33,-28,13
PA,Panama,,,Panama City Metropolitan Area,,,ChIJc3PJK-BVq48RzJpuQZWFv4s,2021-04-14,-28,-1,-47,-30,-26,12
PA,Panama,,,Panama City Metropolitan Area,,,ChIJc3PJK-BVq48RzJpuQZWFv4s,2021-04-15,-22,5,-49,-29,-26,11
PA,Panama,,,Panama City Metropolitan Area,,,ChIJc3PJK-BVq48RzJpuQZWFv4s,2021-04-16,-23,7,-51,-24,-25,11
PA,Panama,,,Panama City Metropolitan Area,,,ChIJc3PJK-BVq48RzJpuQZWFv4s,2021-04-17,-21,2,-53,-25,-20,7
PA,Panama,,,Panama City Metropolitan Area,,,ChIJc3PJK-BVq48RzJpuQZWFv4s,2021-04-18,-24,-7,-53,-34,-13,6
PA,Panama,,,Panama City Metropolitan Area,,,ChIJc3PJK-BVq48RzJpuQZWFv4s,2021-04-19,-25,1,-49,-28,-24,11
PA,Panama,,,Panama City Metropolitan Area,,,ChIJc3PJK-BVq48RzJpuQZWFv4s,2021-04-20,-25,1,-48,-30,-26,12
PA,Panama,,,Panama City Metropolitan Area,,,ChIJc3PJK-BVq48RzJpuQZWFv4s,2021-04-21,-30,-5,-48,-29,-25,13
PA,Panama,,,Panama City Metropolitan Area,,,ChIJc3PJK-BVq48RzJpuQZWFv4s,2021-04-22,-27,-4,-47,-31,-25,12
PA,Panama,,,Panama City Metropolitan Area,,,ChIJc3PJK-BVq48RzJpuQZWFv4s,2021-04-23,-25,-2,-42,-26,-23,11
PA,Panama,,,Panama City Metropolitan Area,,,ChIJc3PJK-BVq48RzJpuQZWFv4s,2021-04-24,-25,-7,-50,-27,-19,8
