country_region_code,country_region,sub_region_1,sub_region_2,metro_area,iso_3166_2_code,census_fips_code,place_id,date,retail_and_recreation_percent_change_from_baseline,grocery_and_pharmacy_percent_change_from_baseline,parks_percent_change_from_baseline,transit_stations_percent_change_from_baseline,workplaces_percent_change_from_baseline,residential_percent_change_from_baseline
MN,Mongolia,,,,,,ChIJS22qaQYFJzYRluDmNzkh3eA,2021-01-01,-77,-47,-55,-61,-77,39
MN,Mongolia,,,,,,ChIJS22qaQYFJzYRluDmNzkh3eA,2021-01-02,-64,-25,-40,-47,-46,25
MN,Mongolia,,,,,,ChIJS22qaQYFJzYRluDmNzkh3eA,2021-01-03,-56,-17,-34,-44,-35,20
MN,Mongolia,,,,,,ChIJS22qaQYFJzYRluDmNzkh3eA,2021-01-04,-50,-12,-35,-39,-39,28
MN,Mongolia,,,,,,ChIJS22qaQYFJzYRluDmNzkh3eA,2021-01-05,-50,-8,-34,-40,-40,28
MN,Mongolia,,,,,,ChIJS22qaQYFJzYRluDmNzkh3eA,2021-01-06,-50,-6,-41,-38,-35,29
MN,Mongolia,,,,,,ChIJS22qaQYFJzYRluDmNzkh3eA,2021-01-07,-45,4,-35,-35,-36,28
MN,Mongolia,,,,,,ChIJS22qaQYFJzYRluDmNzkh3eA,2021-01-08,-52,-5,-47,-43,-40,32
MN,Mongolia,,,,,,ChIJS22qaQYFJzYRluDmNzkh3eA,2021-01-09,-50,-8,-36,-42,-32,24
MN,Mongolia,,,,,,ChIJS22qaQYFJzYRluDmNzkh3eA,2021-01-10,-48,-8,-37,-43,-28,19
MN,Mongolia,,,,,,ChIJS22qaQYFJzYRluDmNzkh3eA,2021-01-11,-26,16,-28,-20,-18,19
MN,Mongolia,,,,,,ChIJS22qaQYFJzYRluDmNzkh3eA,2021-01-12,-25,23,-23,-17,-20,18
MN,Mongolia,,,,,,ChIJS22qaQYFJzYRluDmNzkh3eA,2021-01-13,-27,15,-24,-20,-17,17
MN,Mongolia,,,,,,ChIJS22qaQYFJzYRluDmNzkh3eA,2021-01-14,-31,10,-27,-24,-24,16
MN,Mongolia,,,,,,ChIJS22qaQYFJzYRluDmNzkh3eA,2021-01-15,-35,8,-35,-26,-25,18
MN,Mongolia,,,,,,ChIJS22qaQYFJzYRluDmNzkh3eA,2021-01-16,-33,11,-32,-26,-21,13
MN,Mongolia,,,,,,ChIJS22qaQYFJzYRluDmNzkh3eA,2021-01-17,-29,17,-22,-24,-22,9
MN,Mongolia,,,,,,ChIJS22qaQYFJzYRluDmNzkh3eA,2021-01-18,-22,16,-23,-18,-18,14
MN,Mongolia,,,,,,ChIJS22qaQYFJzYRluDmNzkh3eA,2021-01-19,-22,20,-14,-17,-20,14
MN,Mongolia,,,,,,ChIJS22qaQYFJzYRluDmNzkh3eA,2021-01-20,-21,20,-3,-14,-15,14
MN,Mongolia,,,,,,ChIJS22qaQYFJzYRluDmNzkh3eA,2021-01-21,-21,21,-19,-18,-17,15
MN,Mongolia,,,,,,ChIJS22qaQYFJzYRluDmNzkh3eA,2021-01-22,-27,19,-21,-22,-17,15
MN,Mongolia,,,,,,ChIJS22qaQYFJzYRluDmNzkh3eA,2021-01-23,-15,28,-2,-9,-8,8
MN,Mongolia,,,,,,ChIJS22qaQYFJzYRluDmNzkh3eA,2021-01-24,-11,27,-5,-15,-8,8
MN,Mongolia,,,,,,ChIJS22qaQYFJzYRluDmNzkh3eA,2021-01-25,-10,21,-5,-14,-12,13
MN,Mongolia,,,,,,ChIJS22qaQYFJzYRluDmNzkh3eA,2021-01-26,-11,29,-6,-16,-14,13
MN,Mongolia,,,,,,ChIJS22qaQYFJzYRluDmNzkh3eA,2021-01-27,-13,23,-10,-13,-9,14
MN,Mongolia,,,,,,ChIJS22qaQYFJzYRluDmNzkh3eA,2021-01-28,-12,27,-11,-15,-11,14
MN,Mongolia,,,,,,ChIJS22qaQYFJzYRluDmNzkh3eA,2021-01-29,-13,33,-15,-14,-11,14
MN,Mongolia,,,,,,ChIJS22qaQYFJzYRluDmNzkh3eA,2021-01-30,2,49,0,2,-3,8
MN,Mongolia,,,,,,ChIJS22qaQYFJzYRluDmNzkh3eA,2021-01-31,1,48,-12,-5,-5,7
MN,Mongolia,,,,,,ChIJS22qaQYFJzYRluDmNzkh3eA,2021-02-01,1,42,-12,-5,-9,12
MN,Mongolia,,,,,,ChIJS22qaQYFJzYRluDmNzkh3eA,2021-02-02,4,56,-4,2,-12,11
MN,Mongolia,,,,,,ChIJS22qaQYFJzYRluDmNzkh3eA,2021-02-03,3,46,-5,3,-7,11
MN,Mongolia,,,,,,ChIJS22qaQYFJzYRluDmNzkh3eA,2021-02-04,1,38,-8,-7,-10,12
MN,Mongolia,,,,,,ChIJS22qaQYFJzYRluDmNzkh3eA,2021-02-05,-5,41,-20,-10,-9,14
MN,Mongolia,,,,,,ChIJS22qaQYFJzYRluDmNzkh3eA,2021-02-06,4,49,-8,-2,3,8
MN,Mongolia,,,,,,ChIJS22qaQYFJzYRluDmNzkh3eA,2021-02-07,9,53,-1,-4,3,6
MN,Mongolia,,,,,,ChIJS22qaQYFJzYRluDmNzkh3eA,2021-02-08,9,44,4,0,-8,11
MN,Mongolia,,,,,,ChIJS22qaQYFJzYRluDmNzkh3eA,2021-02-09,23,89,9,13,-10,9
MN,Mongolia,,,,,,ChIJS22qaQYFJzYRluDmNzkh3eA,2021-02-10,35,122,15,34,-9,6
MN,Mongolia,,,,,,ChIJS22qaQYFJzYRluDmNzkh3eA,2021-02-11,-68,-34,-58,-71,-71,37
MN,Mongolia,,,,,,ChIJS22qaQYFJzYRluDmNzkh3eA,2021-02-12,-86,-74,-70,-83,-81,43
MN,Mongolia,,,,,,ChIJS22qaQYFJzYRluDmNzkh3eA,2021-02-13,-81,-62,-63,-78,-66,30
MN,Mongolia,,,,,,ChIJS22qaQYFJzYRluDmNzkh3eA,2021-02-14,-74,-45,-56,-73,-55,23
MN,Mongolia,,,,,,ChIJS22qaQYFJzYRluDmNzkh3eA,2021-02-15,-73,-45,-60,-70,-65,34
MN,Mongolia,,,,,,ChIJS22qaQYFJzYRluDmNzkh3eA,2021-02-16,-68,-30,-57,-64,-61,31
MN,Mongolia,,,,,,ChIJS22qaQYFJzYRluDmNzkh3eA,2021-02-17,-63,-25,-53,-61,-54,31
MN,Mongolia,,,,,,ChIJS22qaQYFJzYRluDmNzkh3eA,2021-02-18,-61,-22,-51,-59,-54,30
MN,Mongolia,,,,,,ChIJS22qaQYFJzYRluDmNzkh3eA,2021-02-19,-63,-18,-54,-58,-53,32
MN,Mongolia,,,,,,ChIJS22qaQYFJzYRluDmNzkh3eA,2021-02-20,-56,-15,-45,-54,-39,21
MN,Mongolia,,,,,,ChIJS22qaQYFJzYRluDmNzkh3eA,2021-02-21,-57,-18,-43,-58,-35,18
MN,Mongolia,,,,,,ChIJS22qaQYFJzYRluDmNzkh3eA,2021-02-22,-56,-17,-47,-55,-48,28
MN,Mongolia,,,,,,ChIJS22qaQYFJzYRluDmNzkh3eA,2021-02-23,12,61,7,12,-6,5
MN,Mongolia,,,,,,ChIJS22qaQYFJzYRluDmNzkh3eA,2021-02-24,8,46,-4,5,-1,8
MN,Mongolia,,,,,,ChIJS22qaQYFJzYRluDmNzkh3eA,2021-02-25,8,46,-4,5,-3,8
MN,Mongolia,,,,,,ChIJS22qaQYFJzYRluDmNzkh3eA,2021-02-26,6,49,-5,3,-4,9
MN,Mongolia,,,,,,ChIJS22qaQYFJzYRluDmNzkh3eA,2021-02-27,17,61,-1,14,7,4
MN,Mongolia,,,,,,ChIJS22qaQYFJzYRluDmNzkh3eA,2021-02-28,23,66,3,10,7,3
MN,Mongolia,,,,,,ChIJS22qaQYFJzYRluDmNzkh3eA,2021-03-01,14,47,7,9,1,7
MN,Mongolia,,,,,,ChIJS22qaQYFJzYRluDmNzkh3eA,2021-03-02,13,53,3,6,-1,6
MN,Mongolia,,,,,,ChIJS22qaQYFJzYRluDmNzkh3eA,2021-03-03,14,51,4,12,2,7
MN,Mongolia,,,,,,ChIJS22qaQYFJzYRluDmNzkh3eA,2021-03-04,14,53,13,16,-1,7
MN,Mongolia,,,,,,ChIJS22qaQYFJzYRluDmNzkh3eA,2021-03-05,13,67,7,15,2,6
MN,Mongolia,,,,,,ChIJS22qaQYFJzYRluDmNzkh3eA,2021-03-06,30,86,15,25,6,2
MN,Mongolia,,,,,,ChIJS22qaQYFJzYRluDmNzkh3eA,2021-03-07,47,113,34,31,7,-2
MN,Mongolia,,,,,,ChIJS22qaQYFJzYRluDmNzkh3eA,2021-03-08,7,70,-13,-6,-54,15
MN,Mongolia,,,,,,ChIJS22qaQYFJzYRluDmNzkh3eA,2021-03-09,8,54,5,9,-1,6
MN,Mongolia,,,,,,ChIJS22qaQYFJzYRluDmNzkh3eA,2021-03-10,11,63,8,15,5,7
MN,Mongolia,,,,,,ChIJS22qaQYFJzYRluDmNzkh3eA,2021-03-11,10,64,12,15,2,7
MN,Mongolia,,,,,,ChIJS22qaQYFJzYRluDmNzkh3eA,2021-03-12,3,65,5,11,1,8
MN,Mongolia,,,,,,ChIJS22qaQYFJzYRluDmNzkh3eA,2021-03-13,17,80,30,21,8,3
MN,Mongolia,,,,,,ChIJS22qaQYFJzYRluDmNzkh3eA,2021-03-14,-3,56,-15,-2,-1,6
MN,Mongolia,,,,,,ChIJS22qaQYFJzYRluDmNzkh3eA,2021-03-15,2,48,-1,5,2,9
MN,Mongolia,,,,,,ChIJS22qaQYFJzYRluDmNzkh3eA,2021-03-16,11,65,7,8,2,8
MN,Mongolia,,,,,,ChIJS22qaQYFJzYRluDmNzkh3eA,2021-03-17,7,62,-2,10,6,10
MN,Mongolia,,,,,,ChIJS22qaQYFJzYRluDmNzkh3eA,2021-03-18,9,67,-7,9,0,10
MN,Mongolia,,,,,,ChIJS22qaQYFJzYRluDmNzkh3eA,2021-03-19,-11,45,-22,-3,-3,14
MN,Mongolia,,,,,,ChIJS22qaQYFJzYRluDmNzkh3eA,2021-03-20,12,77,-2,16,10,7
MN,Mongolia,,,,,,ChIJS22qaQYFJzYRluDmNzkh3eA,2021-03-21,17,86,19,17,9,4
MN,Mongolia,,,,,,ChIJS22qaQYFJzYRluDmNzkh3eA,2021-03-22,12,61,20,17,5,7
MN,Mongolia,,,,,,ChIJS22qaQYFJzYRluDmNzkh3eA,2021-03-23,12,68,13,13,4,7
MN,Mongolia,,,,,,ChIJS22qaQYFJzYRluDmNzkh3eA,2021-03-24,5,63,11,13,8,9
MN,Mongolia,,,,,,ChIJS22qaQYFJzYRluDmNzkh3eA,2021-03-25,1,58,3,11,1,10
MN,Mongolia,,,,,,ChIJS22qaQYFJzYRluDmNzkh3eA,2021-03-26,-4,65,-3,11,0,11
MN,Mongolia,,,,,,ChIJS22qaQYFJzYRluDmNzkh3eA,2021-03-27,-3,57,-13,5,6,10
MN,Mongolia,,,,,,ChIJS22qaQYFJzYRluDmNzkh3eA,2021-03-28,6,75,11,8,9,6
MN,Mongolia,,,,,,ChIJS22qaQYFJzYRluDmNzkh3eA,2021-03-29,1,54,7,11,-1,10
MN,Mongolia,,,,,,ChIJS22qaQYFJzYRluDmNzkh3eA,2021-03-30,8,70,19,16,-2,8
MN,Mongolia,,,,,,ChIJS22qaQYFJzYRluDmNzkh3eA,2021-03-31,6,70,11,17,1,9
MN,Mongolia,,,,,,ChIJS22qaQYFJzYRluDmNzkh3eA,2021-04-01,1,65,-3,9,-2,11
MN,Mongolia,,,,,,ChIJS22qaQYFJzYRluDmNzkh3eA,2021-04-02,2,72,-1,11,0,11
MN,Mongolia,,,,,,ChIJS22qaQYFJzYRluDmNzkh3eA,2021-04-03,-8,59,5,9,3,9
MN,Mongolia,,,,,,ChIJS22qaQYFJzYRluDmNzkh3eA,2021-04-04,-1,77,34,12,1,4
MN,Mongolia,,,,,,ChIJS22qaQYFJzYRluDmNzkh3eA,2021-04-05,2,64,14,12,-1,10
MN,Mongolia,,,,,,ChIJS22qaQYFJzYRluDmNzkh3eA,2021-04-06,4,79,9,17,-4,10
MN,Mongolia,,,,,,ChIJS22qaQYFJzYRluDmNzkh3eA,2021-04-07,3,74,11,18,-2,10
MN,Mongolia,,,,,,ChIJS22qaQYFJzYRluDmNzkh3eA,2021-04-08,10,90,34,27,-2,8
MN,Mongolia,,,,,,ChIJS22qaQYFJzYRluDmNzkh3eA,2021-04-09,41,166,60,87,2,2
MN,Mongolia,,,,,,ChIJS22qaQYFJzYRluDmNzkh3eA,2021-04-10,-46,27,-24,-33,-38,21
MN,Mongolia,,,,,,ChIJS22qaQYFJzYRluDmNzkh3eA,2021-04-11,-51,10,-33,-49,-39,21
MN,Mongolia,,,,,,ChIJS22qaQYFJzYRluDmNzkh3eA,2021-04-12,-50,14,-35,-39,-49,28
MN,Mongolia,,,,,,ChIJS22qaQYFJzYRluDmNzkh3eA,2021-04-13,-47,24,-27,-35,-48,26
MN,Mongolia,,,,,,ChIJS22qaQYFJzYRluDmNzkh3eA,2021-04-14,-53,9,-39,-38,-47,29
MN,Mongolia,,,,,,ChIJS22qaQYFJzYRluDmNzkh3eA,2021-04-15,-57,0,-45,-44,-50,31
MN,Mongolia,,,,,,ChIJS22qaQYFJzYRluDmNzkh3eA,2021-04-16,-57,7,-45,-44,-48,32
MN,Mongolia,,,,,,ChIJS22qaQYFJzYRluDmNzkh3eA,2021-04-17,-50,14,-21,-37,-36,22
MN,Mongolia,,,,,,ChIJS22qaQYFJzYRluDmNzkh3eA,2021-04-18,-50,14,-13,-40,-33,18
MN,Mongolia,,,,,,ChIJS22qaQYFJzYRluDmNzkh3eA,2021-04-19,-50,15,-26,-36,-45,23
MN,Mongolia,,,,,,ChIJS22qaQYFJzYRluDmNzkh3eA,2021-04-20,-47,26,-23,-33,-46,27
MN,Mongolia,,,,,,ChIJS22qaQYFJzYRluDmNzkh3eA,2021-04-21,-50,21,-26,-32,-45,27
MN,Mongolia,,,,,,ChIJS22qaQYFJzYRluDmNzkh3eA,2021-04-22,-51,19,-29,-34,-45,28
MN,Mongolia,,,,,,ChIJS22qaQYFJzYRluDmNzkh3eA,2021-04-23,-56,16,-41,-38,-46,31
MN,Mongolia,,,,,,ChIJS22qaQYFJzYRluDmNzkh3eA,2021-04-24,-52,15,-39,-36,-32,23
MN,Mongolia,Darkhan-Uul,,,MN-037,,ChIJ04c8XC9Ao10RLinO7khnJSc,2021-01-01,,,,,-73,
MN,Mongolia,Darkhan-Uul,,,MN-037,,ChIJ04c8XC9Ao10RLinO7khnJSc,2021-02-12,,,,,-58,
MN,Mongolia,Darkhan-Uul,,,MN-037,,ChIJ04c8XC9Ao10RLinO7khnJSc,2021-04-19,,,,,-54,
MN,Mongolia,Darkhan-Uul,,,MN-037,,ChIJ04c8XC9Ao10RLinO7khnJSc,2021-04-21,,,,,-55,
MN,Mongolia,Darkhan-Uul,,,MN-037,,ChIJ04c8XC9Ao10RLinO7khnJSc,2021-04-22,,,,,-62,
MN,Mongolia,Darkhan-Uul,,,MN-037,,ChIJ04c8XC9Ao10RLinO7khnJSc,2021-04-23,,,,,-62,
MN,Mongolia,Orkhon,,,MN-035,,ChIJD57TOwAHol0Rl8HArIJY_CU,2021-01-01,,,,,-76,
MN,Mongolia,Orkhon,,,MN-035,,ChIJD57TOwAHol0Rl8HArIJY_CU,2021-02-12,,,,,-64,
MN,Mongolia,Orkhon,,,MN-035,,ChIJD57TOwAHol0Rl8HArIJY_CU,2021-03-08,,,,,-47,
MN,Mongolia,Orkhon,,,MN-035,,ChIJD57TOwAHol0Rl8HArIJY_CU,2021-04-19,,,,,-27,
MN,Mongolia,Orkhon,,,MN-035,,ChIJD57TOwAHol0Rl8HArIJY_CU,2021-04-20,,,,,-28,
MN,Mongolia,Orkhon,,,MN-035,,ChIJD57TOwAHol0Rl8HArIJY_CU,2021-04-21,,,,,-32,
MN,Mongolia,Ulaanbaatar,,,MN-1,,ChIJq4qx4luSll0RUeihxGubDJs,2021-01-01,-81,-51,-74,-62,-81,43
MN,Mongolia,Ulaanbaatar,,,MN-1,,ChIJq4qx4luSll0RUeihxGubDJs,2021-01-02,-71,-34,-62,-50,-52,27
MN,Mongolia,Ulaanbaatar,,,MN-1,,ChIJq4qx4luSll0RUeihxGubDJs,2021-01-03,-65,-26,-54,-46,-40,21
MN,Mongolia,Ulaanbaatar,,,MN-1,,ChIJq4qx4luSll0RUeihxGubDJs,2021-01-04,-61,-19,-60,-40,-47,32
MN,Mongolia,Ulaanbaatar,,,MN-1,,ChIJq4qx4luSll0RUeihxGubDJs,2021-01-05,-60,-13,-57,-41,-48,31
MN,Mongolia,Ulaanbaatar,,,MN-1,,ChIJq4qx4luSll0RUeihxGubDJs,2021-01-06,-60,-10,-62,-39,-44,32
MN,Mongolia,Ulaanbaatar,,,MN-1,,ChIJq4qx4luSll0RUeihxGubDJs,2021-01-07,-55,2,-60,-37,-46,31
MN,Mongolia,Ulaanbaatar,,,MN-1,,ChIJq4qx4luSll0RUeihxGubDJs,2021-01-08,-62,-14,-69,-45,-49,36
MN,Mongolia,Ulaanbaatar,,,MN-1,,ChIJq4qx4luSll0RUeihxGubDJs,2021-01-09,-62,-21,-53,-46,-40,26
MN,Mongolia,Ulaanbaatar,,,MN-1,,ChIJq4qx4luSll0RUeihxGubDJs,2021-01-10,-62,-18,-56,-44,-34,20
MN,Mongolia,Ulaanbaatar,,,MN-1,,ChIJq4qx4luSll0RUeihxGubDJs,2021-01-11,-34,12,-48,-19,-22,21
MN,Mongolia,Ulaanbaatar,,,MN-1,,ChIJq4qx4luSll0RUeihxGubDJs,2021-01-12,-32,20,-41,-16,-24,20
MN,Mongolia,Ulaanbaatar,,,MN-1,,ChIJq4qx4luSll0RUeihxGubDJs,2021-01-13,-33,13,-40,-19,-23,19
MN,Mongolia,Ulaanbaatar,,,MN-1,,ChIJq4qx4luSll0RUeihxGubDJs,2021-01-14,-38,9,-44,-24,-29,18
MN,Mongolia,Ulaanbaatar,,,MN-1,,ChIJq4qx4luSll0RUeihxGubDJs,2021-01-15,-39,4,-48,-26,-30,20
MN,Mongolia,Ulaanbaatar,,,MN-1,,ChIJq4qx4luSll0RUeihxGubDJs,2021-01-16,-39,2,-43,-28,-25,14
MN,Mongolia,Ulaanbaatar,,,MN-1,,ChIJq4qx4luSll0RUeihxGubDJs,2021-01-17,-37,11,-28,-23,-22,9
MN,Mongolia,Ulaanbaatar,,,MN-1,,ChIJq4qx4luSll0RUeihxGubDJs,2021-01-18,-28,11,-36,-17,-21,15
MN,Mongolia,Ulaanbaatar,,,MN-1,,ChIJq4qx4luSll0RUeihxGubDJs,2021-01-19,-27,17,-29,-17,-23,15
MN,Mongolia,Ulaanbaatar,,,MN-1,,ChIJq4qx4luSll0RUeihxGubDJs,2021-01-20,-26,18,-7,-13,-20,16
MN,Mongolia,Ulaanbaatar,,,MN-1,,ChIJq4qx4luSll0RUeihxGubDJs,2021-01-21,-29,21,-36,-18,-22,16
MN,Mongolia,Ulaanbaatar,,,MN-1,,ChIJq4qx4luSll0RUeihxGubDJs,2021-01-22,-31,14,-34,-22,-21,17
MN,Mongolia,Ulaanbaatar,,,MN-1,,ChIJq4qx4luSll0RUeihxGubDJs,2021-01-23,-18,20,-6,-13,-9,8
MN,Mongolia,Ulaanbaatar,,,MN-1,,ChIJq4qx4luSll0RUeihxGubDJs,2021-01-24,-15,23,-10,-14,-7,7
MN,Mongolia,Ulaanbaatar,,,MN-1,,ChIJq4qx4luSll0RUeihxGubDJs,2021-01-25,-15,17,-17,-13,-15,15
MN,Mongolia,Ulaanbaatar,,,MN-1,,ChIJq4qx4luSll0RUeihxGubDJs,2021-01-26,-15,27,-19,-15,-16,15
MN,Mongolia,Ulaanbaatar,,,MN-1,,ChIJq4qx4luSll0RUeihxGubDJs,2021-01-27,-16,22,-21,-12,-13,16
MN,Mongolia,Ulaanbaatar,,,MN-1,,ChIJq4qx4luSll0RUeihxGubDJs,2021-01-28,-17,26,-26,-17,-16,15
MN,Mongolia,Ulaanbaatar,,,MN-1,,ChIJq4qx4luSll0RUeihxGubDJs,2021-01-29,-14,29,-26,-14,-15,16
MN,Mongolia,Ulaanbaatar,,,MN-1,,ChIJq4qx4luSll0RUeihxGubDJs,2021-01-30,0,39,0,-1,-3,8
MN,Mongolia,Ulaanbaatar,,,MN-1,,ChIJq4qx4luSll0RUeihxGubDJs,2021-01-31,-1,43,-17,-4,0,6
MN,Mongolia,Ulaanbaatar,,,MN-1,,ChIJq4qx4luSll0RUeihxGubDJs,2021-02-01,-3,36,-28,-4,-12,13
MN,Mongolia,Ulaanbaatar,,,MN-1,,ChIJq4qx4luSll0RUeihxGubDJs,2021-02-02,0,52,-20,3,-14,12
MN,Mongolia,Ulaanbaatar,,,MN-1,,ChIJq4qx4luSll0RUeihxGubDJs,2021-02-03,0,46,-16,4,-11,13
MN,Mongolia,Ulaanbaatar,,,MN-1,,ChIJq4qx4luSll0RUeihxGubDJs,2021-02-04,-4,38,-23,-8,-14,14
MN,Mongolia,Ulaanbaatar,,,MN-1,,ChIJq4qx4luSll0RUeihxGubDJs,2021-02-05,-7,35,-34,-11,-13,15
MN,Mongolia,Ulaanbaatar,,,MN-1,,ChIJq4qx4luSll0RUeihxGubDJs,2021-02-06,-1,37,-14,-6,6,9
MN,Mongolia,Ulaanbaatar,,,MN-1,,ChIJq4qx4luSll0RUeihxGubDJs,2021-02-07,4,47,-8,-4,9,6
MN,Mongolia,Ulaanbaatar,,,MN-1,,ChIJq4qx4luSll0RUeihxGubDJs,2021-02-08,5,40,-7,1,-10,12
MN,Mongolia,Ulaanbaatar,,,MN-1,,ChIJq4qx4luSll0RUeihxGubDJs,2021-02-09,19,87,-3,13,-11,10
MN,Mongolia,Ulaanbaatar,,,MN-1,,ChIJq4qx4luSll0RUeihxGubDJs,2021-02-10,32,126,6,36,-12,7
MN,Mongolia,Ulaanbaatar,,,MN-1,,ChIJq4qx4luSll0RUeihxGubDJs,2021-02-11,-85,-49,-85,-73,-81,44
MN,Mongolia,Ulaanbaatar,,,MN-1,,ChIJq4qx4luSll0RUeihxGubDJs,2021-02-12,-93,-83,-89,-85,-87,51
MN,Mongolia,Ulaanbaatar,,,MN-1,,ChIJq4qx4luSll0RUeihxGubDJs,2021-02-13,-89,-71,-82,-81,-73,35
MN,Mongolia,Ulaanbaatar,,,MN-1,,ChIJq4qx4luSll0RUeihxGubDJs,2021-02-14,-83,-54,-76,-75,-61,26
MN,Mongolia,Ulaanbaatar,,,MN-1,,ChIJq4qx4luSll0RUeihxGubDJs,2021-02-15,-83,-54,-83,-72,-74,41
MN,Mongolia,Ulaanbaatar,,,MN-1,,ChIJq4qx4luSll0RUeihxGubDJs,2021-02-16,-78,-39,-80,-66,-69,38
MN,Mongolia,Ulaanbaatar,,,MN-1,,ChIJq4qx4luSll0RUeihxGubDJs,2021-02-17,-75,-34,-77,-63,-66,38
MN,Mongolia,Ulaanbaatar,,,MN-1,,ChIJq4qx4luSll0RUeihxGubDJs,2021-02-18,-74,-30,-75,-62,-66,37
MN,Mongolia,Ulaanbaatar,,,MN-1,,ChIJq4qx4luSll0RUeihxGubDJs,2021-02-19,-74,-29,-77,-61,-64,39
MN,Mongolia,Ulaanbaatar,,,MN-1,,ChIJq4qx4luSll0RUeihxGubDJs,2021-02-20,-69,-29,-64,-59,-47,26
MN,Mongolia,Ulaanbaatar,,,MN-1,,ChIJq4qx4luSll0RUeihxGubDJs,2021-02-21,-71,-30,-66,-61,-43,21
MN,Mongolia,Ulaanbaatar,,,MN-1,,ChIJq4qx4luSll0RUeihxGubDJs,2021-02-22,-70,-29,-74,-58,-60,34
MN,Mongolia,Ulaanbaatar,,,MN-1,,ChIJq4qx4luSll0RUeihxGubDJs,2021-02-23,12,62,-3,14,-8,6
MN,Mongolia,Ulaanbaatar,,,MN-1,,ChIJq4qx4luSll0RUeihxGubDJs,2021-02-24,7,47,-12,6,-6,9
MN,Mongolia,Ulaanbaatar,,,MN-1,,ChIJq4qx4luSll0RUeihxGubDJs,2021-02-25,5,47,-12,5,-8,10
MN,Mongolia,Ulaanbaatar,,,MN-1,,ChIJq4qx4luSll0RUeihxGubDJs,2021-02-26,8,46,-10,2,-9,11
MN,Mongolia,Ulaanbaatar,,,MN-1,,ChIJq4qx4luSll0RUeihxGubDJs,2021-02-27,15,50,-5,9,5,4
MN,Mongolia,Ulaanbaatar,,,MN-1,,ChIJq4qx4luSll0RUeihxGubDJs,2021-02-28,19,57,-2,10,8,3
MN,Mongolia,Ulaanbaatar,,,MN-1,,ChIJq4qx4luSll0RUeihxGubDJs,2021-03-01,9,41,-5,9,-4,9
MN,Mongolia,Ulaanbaatar,,,MN-1,,ChIJq4qx4luSll0RUeihxGubDJs,2021-03-02,9,50,-7,5,-5,8
MN,Mongolia,Ulaanbaatar,,,MN-1,,ChIJq4qx4luSll0RUeihxGubDJs,2021-03-03,11,49,-5,13,-5,9
MN,Mongolia,Ulaanbaatar,,,MN-1,,ChIJq4qx4luSll0RUeihxGubDJs,2021-03-04,9,53,4,16,-7,8
MN,Mongolia,Ulaanbaatar,,,MN-1,,ChIJq4qx4luSll0RUeihxGubDJs,2021-03-05,14,60,3,15,-5,8
MN,Mongolia,Ulaanbaatar,,,MN-1,,ChIJq4qx4luSll0RUeihxGubDJs,2021-03-06,28,71,13,20,4,3
MN,Mongolia,Ulaanbaatar,,,MN-1,,ChIJq4qx4luSll0RUeihxGubDJs,2021-03-07,44,103,40,31,9,-2
MN,Mongolia,Ulaanbaatar,,,MN-1,,ChIJq4qx4luSll0RUeihxGubDJs,2021-03-08,-1,61,-33,-5,-59,18
MN,Mongolia,Ulaanbaatar,,,MN-1,,ChIJq4qx4luSll0RUeihxGubDJs,2021-03-09,4,49,-7,8,-5,9
MN,Mongolia,Ulaanbaatar,,,MN-1,,ChIJq4qx4luSll0RUeihxGubDJs,2021-03-10,8,60,-2,16,-2,9
MN,Mongolia,Ulaanbaatar,,,MN-1,,ChIJq4qx4luSll0RUeihxGubDJs,2021-03-11,5,65,-2,14,-5,9
MN,Mongolia,Ulaanbaatar,,,MN-1,,ChIJq4qx4luSll0RUeihxGubDJs,2021-03-12,2,59,-4,10,-6,10
MN,Mongolia,Ulaanbaatar,,,MN-1,,ChIJq4qx4luSll0RUeihxGubDJs,2021-03-13,14,67,37,17,7,4
MN,Mongolia,Ulaanbaatar,,,MN-1,,ChIJq4qx4luSll0RUeihxGubDJs,2021-03-14,-3,54,-19,0,3,6
MN,Mongolia,Ulaanbaatar,,,MN-1,,ChIJq4qx4luSll0RUeihxGubDJs,2021-03-15,-2,44,-11,5,-3,12
MN,Mongolia,Ulaanbaatar,,,MN-1,,ChIJq4qx4luSll0RUeihxGubDJs,2021-03-16,6,59,-2,8,-3,11
MN,Mongolia,Ulaanbaatar,,,MN-1,,ChIJq4qx4luSll0RUeihxGubDJs,2021-03-17,3,58,-12,11,-3,13
MN,Mongolia,Ulaanbaatar,,,MN-1,,ChIJq4qx4luSll0RUeihxGubDJs,2021-03-18,3,65,-25,8,-8,13
MN,Mongolia,Ulaanbaatar,,,MN-1,,ChIJq4qx4luSll0RUeihxGubDJs,2021-03-19,-13,38,-36,-4,-11,17
MN,Mongolia,Ulaanbaatar,,,MN-1,,ChIJq4qx4luSll0RUeihxGubDJs,2021-03-20,9,64,-8,11,9,8
MN,Mongolia,Ulaanbaatar,,,MN-1,,ChIJq4qx4luSll0RUeihxGubDJs,2021-03-21,15,78,24,18,11,3
MN,Mongolia,Ulaanbaatar,,,MN-1,,ChIJq4qx4luSll0RUeihxGubDJs,2021-03-22,6,55,12,19,-1,10
MN,Mongolia,Ulaanbaatar,,,MN-1,,ChIJq4qx4luSll0RUeihxGubDJs,2021-03-23,7,62,3,14,-2,10
MN,Mongolia,Ulaanbaatar,,,MN-1,,ChIJq4qx4luSll0RUeihxGubDJs,2021-03-24,3,61,5,14,1,11
MN,Mongolia,Ulaanbaatar,,,MN-1,,ChIJq4qx4luSll0RUeihxGubDJs,2021-03-25,1,62,-4,10,-3,11
MN,Mongolia,Ulaanbaatar,,,MN-1,,ChIJq4qx4luSll0RUeihxGubDJs,2021-03-26,-1,64,-7,12,-3,12
MN,Mongolia,Ulaanbaatar,,,MN-1,,ChIJq4qx4luSll0RUeihxGubDJs,2021-03-27,-1,51,-18,2,8,10
MN,Mongolia,Ulaanbaatar,,,MN-1,,ChIJq4qx4luSll0RUeihxGubDJs,2021-03-28,9,73,19,11,12,5
MN,Mongolia,Ulaanbaatar,,,MN-1,,ChIJq4qx4luSll0RUeihxGubDJs,2021-03-29,3,55,5,14,-2,10
MN,Mongolia,Ulaanbaatar,,,MN-1,,ChIJq4qx4luSll0RUeihxGubDJs,2021-03-30,11,72,18,18,-2,8
MN,Mongolia,Ulaanbaatar,,,MN-1,,ChIJq4qx4luSll0RUeihxGubDJs,2021-03-31,10,75,13,21,-1,9
MN,Mongolia,Ulaanbaatar,,,MN-1,,ChIJq4qx4luSll0RUeihxGubDJs,2021-04-01,1,69,-10,10,-4,12
MN,Mongolia,Ulaanbaatar,,,MN-1,,ChIJq4qx4luSll0RUeihxGubDJs,2021-04-02,7,73,-4,14,-3,11
MN,Mongolia,Ulaanbaatar,,,MN-1,,ChIJq4qx4luSll0RUeihxGubDJs,2021-04-03,-8,52,9,6,3,9
MN,Mongolia,Ulaanbaatar,,,MN-1,,ChIJq4qx4luSll0RUeihxGubDJs,2021-04-04,-1,75,48,15,3,4
MN,Mongolia,Ulaanbaatar,,,MN-1,,ChIJq4qx4luSll0RUeihxGubDJs,2021-04-05,2,63,7,15,-4,11
MN,Mongolia,Ulaanbaatar,,,MN-1,,ChIJq4qx4luSll0RUeihxGubDJs,2021-04-06,4,78,6,19,-6,11
MN,Mongolia,Ulaanbaatar,,,MN-1,,ChIJq4qx4luSll0RUeihxGubDJs,2021-04-07,2,75,9,21,-6,11
MN,Mongolia,Ulaanbaatar,,,MN-1,,ChIJq4qx4luSll0RUeihxGubDJs,2021-04-08,10,95,34,28,-5,8
MN,Mongolia,Ulaanbaatar,,,MN-1,,ChIJq4qx4luSll0RUeihxGubDJs,2021-04-09,47,166,67,92,-2,1
MN,Mongolia,Ulaanbaatar,,,MN-1,,ChIJq4qx4luSll0RUeihxGubDJs,2021-04-10,-59,7,-40,-38,-49,24
MN,Mongolia,Ulaanbaatar,,,MN-1,,ChIJq4qx4luSll0RUeihxGubDJs,2021-04-11,-63,-5,-48,-51,-48,22
MN,Mongolia,Ulaanbaatar,,,MN-1,,ChIJq4qx4luSll0RUeihxGubDJs,2021-04-12,-59,5,-56,-40,-58,33
MN,Mongolia,Ulaanbaatar,,,MN-1,,ChIJq4qx4luSll0RUeihxGubDJs,2021-04-13,-55,17,-43,-36,-57,30
MN,Mongolia,Ulaanbaatar,,,MN-1,,ChIJq4qx4luSll0RUeihxGubDJs,2021-04-14,-59,4,-54,-39,-56,33
MN,Mongolia,Ulaanbaatar,,,MN-1,,ChIJq4qx4luSll0RUeihxGubDJs,2021-04-15,-65,-6,-64,-46,-59,35
MN,Mongolia,Ulaanbaatar,,,MN-1,,ChIJq4qx4luSll0RUeihxGubDJs,2021-04-16,-64,-2,-62,-47,-57,37
MN,Mongolia,Ulaanbaatar,,,MN-1,,ChIJq4qx4luSll0RUeihxGubDJs,2021-04-17,-56,2,-27,-41,-42,24
MN,Mongolia,Ulaanbaatar,,,MN-1,,ChIJq4qx4luSll0RUeihxGubDJs,2021-04-18,-53,9,-14,-40,-36,18
MN,Mongolia,Ulaanbaatar,,,MN-1,,ChIJq4qx4luSll0RUeihxGubDJs,2021-04-19,-55,11,-41,-37,-52,26
MN,Mongolia,Ulaanbaatar,,,MN-1,,ChIJq4qx4luSll0RUeihxGubDJs,2021-04-20,-52,24,-37,-33,-53,30
MN,Mongolia,Ulaanbaatar,,,MN-1,,ChIJq4qx4luSll0RUeihxGubDJs,2021-04-21,-53,22,-35,-32,-52,30
MN,Mongolia,Ulaanbaatar,,,MN-1,,ChIJq4qx4luSll0RUeihxGubDJs,2021-04-22,-54,21,-43,-34,-52,30
MN,Mongolia,Ulaanbaatar,,,MN-1,,ChIJq4qx4luSll0RUeihxGubDJs,2021-04-23,-56,16,-56,-38,-52,33
MN,Mongolia,Ulaanbaatar,,,MN-1,,ChIJq4qx4luSll0RUeihxGubDJs,2021-04-24,-55,8,-49,-38,-35,24
