country_region_code,country_region,sub_region_1,sub_region_2,metro_area,iso_3166_2_code,census_fips_code,place_id,date,retail_and_recreation_percent_change_from_baseline,grocery_and_pharmacy_percent_change_from_baseline,parks_percent_change_from_baseline,transit_stations_percent_change_from_baseline,workplaces_percent_change_from_baseline,residential_percent_change_from_baseline
BZ,Belize,,,,,,ChIJ-foSwT5bXI8RTuMeP02KSvY,2021-01-01,-60,-57,0,-77,-72,23
BZ,Belize,,,,,,ChIJ-foSwT5bXI8RTuMeP02KSvY,2021-01-02,-40,-13,1,-49,-28,11
BZ,Belize,,,,,,ChIJ-foSwT5bXI8RTuMeP02KSvY,2021-01-03,-44,-17,-20,-45,-31,10
BZ,Belize,,,,,,ChIJ-foSwT5bXI8RTuMeP02KSvY,2021-01-04,-14,-3,12,-38,-34,12
BZ,Belize,,,,,,ChIJ-foSwT5bXI8RTuMeP02KSvY,2021-01-05,-16,-4,6,-41,-36,12
BZ,Belize,,,,,,ChIJ-foSwT5bXI8RTuMeP02KSvY,2021-01-06,-19,-4,-3,-41,-33,13
BZ,Belize,,,,,,ChIJ-foSwT5bXI8RTuMeP02KSvY,2021-01-07,-21,-5,4,-39,-34,13
BZ,Belize,,,,,,ChIJ-foSwT5bXI8RTuMeP02KSvY,2021-01-08,-23,-19,-5,-43,-30,12
BZ,Belize,,,,,,ChIJ-foSwT5bXI8RTuMeP02KSvY,2021-01-09,-28,0,3,-38,-15,7
BZ,Belize,,,,,,ChIJ-foSwT5bXI8RTuMeP02KSvY,2021-01-10,-32,-1,-11,-41,-22,7
BZ,Belize,,,,,,ChIJ-foSwT5bXI8RTuMeP02KSvY,2021-01-11,-14,-8,3,-39,-28,9
BZ,Belize,,,,,,ChIJ-foSwT5bXI8RTuMeP02KSvY,2021-01-12,-23,-13,-6,-44,-34,11
BZ,Belize,,,,,,ChIJ-foSwT5bXI8RTuMeP02KSvY,2021-01-13,-24,-9,-14,-47,-34,9
BZ,Belize,,,,,,ChIJ-foSwT5bXI8RTuMeP02KSvY,2021-01-14,-15,9,-3,-39,-37,8
BZ,Belize,,,,,,ChIJ-foSwT5bXI8RTuMeP02KSvY,2021-01-15,-47,-38,-13,-67,-69,18
BZ,Belize,,,,,,ChIJ-foSwT5bXI8RTuMeP02KSvY,2021-01-16,-29,-1,-3,-40,-26,5
BZ,Belize,,,,,,ChIJ-foSwT5bXI8RTuMeP02KSvY,2021-01-17,-36,-9,-7,-45,-31,4
BZ,Belize,,,,,,ChIJ-foSwT5bXI8RTuMeP02KSvY,2021-01-18,-14,-8,0,-40,-33,7
BZ,Belize,,,,,,ChIJ-foSwT5bXI8RTuMeP02KSvY,2021-01-19,-30,-18,-15,-50,-40,11
BZ,Belize,,,,,,ChIJ-foSwT5bXI8RTuMeP02KSvY,2021-01-20,-25,-14,-12,-48,-37,11
BZ,Belize,,,,,,ChIJ-foSwT5bXI8RTuMeP02KSvY,2021-01-21,-27,-12,-9,-45,-37,10
BZ,Belize,,,,,,ChIJ-foSwT5bXI8RTuMeP02KSvY,2021-01-22,-25,-25,-4,-45,-33,10
BZ,Belize,,,,,,ChIJ-foSwT5bXI8RTuMeP02KSvY,2021-01-23,-29,-2,3,-42,-21,5
BZ,Belize,,,,,,ChIJ-foSwT5bXI8RTuMeP02KSvY,2021-01-24,-32,-7,-3,-44,-27,4
BZ,Belize,,,,,,ChIJ-foSwT5bXI8RTuMeP02KSvY,2021-01-25,-16,-11,4,-38,-31,7
BZ,Belize,,,,,,ChIJ-foSwT5bXI8RTuMeP02KSvY,2021-01-26,-22,-12,3,-44,-37,9
BZ,Belize,,,,,,ChIJ-foSwT5bXI8RTuMeP02KSvY,2021-01-27,-22,-8,-5,-43,-34,9
BZ,Belize,,,,,,ChIJ-foSwT5bXI8RTuMeP02KSvY,2021-01-28,-22,-2,4,-40,-35,8
BZ,Belize,,,,,,ChIJ-foSwT5bXI8RTuMeP02KSvY,2021-01-29,-19,-12,3,-39,-33,7
BZ,Belize,,,,,,ChIJ-foSwT5bXI8RTuMeP02KSvY,2021-01-30,-22,12,19,-34,-22,1
BZ,Belize,,,,,,ChIJ-foSwT5bXI8RTuMeP02KSvY,2021-01-31,-25,10,11,-35,-26,0
BZ,Belize,,,,,,ChIJ-foSwT5bXI8RTuMeP02KSvY,2021-02-01,-5,2,22,-35,-29,2
BZ,Belize,,,,,,ChIJ-foSwT5bXI8RTuMeP02KSvY,2021-02-02,-15,0,17,-41,-35,5
BZ,Belize,,,,,,ChIJ-foSwT5bXI8RTuMeP02KSvY,2021-02-03,-20,-10,7,-45,-33,7
BZ,Belize,,,,,,ChIJ-foSwT5bXI8RTuMeP02KSvY,2021-02-04,-21,-8,16,-45,-35,8
BZ,Belize,,,,,,ChIJ-foSwT5bXI8RTuMeP02KSvY,2021-02-05,-17,-17,22,-43,-29,7
BZ,Belize,,,,,,ChIJ-foSwT5bXI8RTuMeP02KSvY,2021-02-06,-26,0,27,-37,-16,2
BZ,Belize,,,,,,ChIJ-foSwT5bXI8RTuMeP02KSvY,2021-02-07,-25,-7,27,-42,-20,1
BZ,Belize,,,,,,ChIJ-foSwT5bXI8RTuMeP02KSvY,2021-02-08,-12,-4,25,-38,-30,5
BZ,Belize,,,,,,ChIJ-foSwT5bXI8RTuMeP02KSvY,2021-02-09,-16,-5,25,-43,-34,7
BZ,Belize,,,,,,ChIJ-foSwT5bXI8RTuMeP02KSvY,2021-02-10,-19,-7,11,-44,-32,7
BZ,Belize,,,,,,ChIJ-foSwT5bXI8RTuMeP02KSvY,2021-02-11,-14,3,16,-40,-34,5
BZ,Belize,,,,,,ChIJ-foSwT5bXI8RTuMeP02KSvY,2021-02-12,-10,-4,20,-37,-30,1
BZ,Belize,,,,,,ChIJ-foSwT5bXI8RTuMeP02KSvY,2021-02-13,-11,18,33,-23,-20,-6
BZ,Belize,,,,,,ChIJ-foSwT5bXI8RTuMeP02KSvY,2021-02-14,-3,15,38,-28,-23,-6
BZ,Belize,,,,,,ChIJ-foSwT5bXI8RTuMeP02KSvY,2021-02-15,-9,-2,15,-35,-32,0
BZ,Belize,,,,,,ChIJ-foSwT5bXI8RTuMeP02KSvY,2021-02-16,-13,-2,19,-40,-35,2
BZ,Belize,,,,,,ChIJ-foSwT5bXI8RTuMeP02KSvY,2021-02-17,-16,-2,6,-40,-33,3
BZ,Belize,,,,,,ChIJ-foSwT5bXI8RTuMeP02KSvY,2021-02-18,-19,-3,10,-42,-34,3
BZ,Belize,,,,,,ChIJ-foSwT5bXI8RTuMeP02KSvY,2021-02-19,-20,-18,8,-43,-30,3
BZ,Belize,,,,,,ChIJ-foSwT5bXI8RTuMeP02KSvY,2021-02-20,-23,5,16,-37,-20,-2
BZ,Belize,,,,,,ChIJ-foSwT5bXI8RTuMeP02KSvY,2021-02-21,-30,-8,2,-40,-30,1
BZ,Belize,,,,,,ChIJ-foSwT5bXI8RTuMeP02KSvY,2021-02-22,-14,-5,13,-37,-29,1
BZ,Belize,,,,,,ChIJ-foSwT5bXI8RTuMeP02KSvY,2021-02-23,-15,-1,12,-41,-34,3
BZ,Belize,,,,,,ChIJ-foSwT5bXI8RTuMeP02KSvY,2021-02-24,-13,2,6,-41,-31,3
BZ,Belize,,,,,,ChIJ-foSwT5bXI8RTuMeP02KSvY,2021-02-25,-13,9,15,-37,-33,2
BZ,Belize,,,,,,ChIJ-foSwT5bXI8RTuMeP02KSvY,2021-02-26,-7,-4,25,-35,-28,1
BZ,Belize,,,,,,ChIJ-foSwT5bXI8RTuMeP02KSvY,2021-02-27,-12,19,40,-29,-18,-5
BZ,Belize,,,,,,ChIJ-foSwT5bXI8RTuMeP02KSvY,2021-02-28,-15,12,37,-30,-24,-6
BZ,Belize,,,,,,ChIJ-foSwT5bXI8RTuMeP02KSvY,2021-03-01,-6,6,27,-31,-28,-1
BZ,Belize,,,,,,ChIJ-foSwT5bXI8RTuMeP02KSvY,2021-03-02,-6,6,22,-34,-33,1
BZ,Belize,,,,,,ChIJ-foSwT5bXI8RTuMeP02KSvY,2021-03-03,-10,3,18,-38,-37,1
BZ,Belize,,,,,,ChIJ-foSwT5bXI8RTuMeP02KSvY,2021-03-04,-12,7,20,-36,-34,3
BZ,Belize,,,,,,ChIJ-foSwT5bXI8RTuMeP02KSvY,2021-03-05,-11,-6,19,-38,-29,1
BZ,Belize,,,,,,ChIJ-foSwT5bXI8RTuMeP02KSvY,2021-03-06,-17,14,43,-25,-19,-5
BZ,Belize,,,,,,ChIJ-foSwT5bXI8RTuMeP02KSvY,2021-03-07,-9,15,45,-27,-22,-5
BZ,Belize,,,,,,ChIJ-foSwT5bXI8RTuMeP02KSvY,2021-03-08,-36,-24,21,-54,-71,10
BZ,Belize,,,,,,ChIJ-foSwT5bXI8RTuMeP02KSvY,2021-03-09,-10,7,15,-33,-30,0
BZ,Belize,,,,,,ChIJ-foSwT5bXI8RTuMeP02KSvY,2021-03-10,-19,-2,1,-42,-32,4
BZ,Belize,,,,,,ChIJ-foSwT5bXI8RTuMeP02KSvY,2021-03-11,-10,12,21,-37,-32,3
BZ,Belize,,,,,,ChIJ-foSwT5bXI8RTuMeP02KSvY,2021-03-12,-8,1,19,-36,-28,1
BZ,Belize,,,,,,ChIJ-foSwT5bXI8RTuMeP02KSvY,2021-03-13,-12,20,43,-25,-15,-5
BZ,Belize,,,,,,ChIJ-foSwT5bXI8RTuMeP02KSvY,2021-03-14,-10,19,42,-29,-20,-5
BZ,Belize,,,,,,ChIJ-foSwT5bXI8RTuMeP02KSvY,2021-03-15,-2,8,31,-29,-27,-1
BZ,Belize,,,,,,ChIJ-foSwT5bXI8RTuMeP02KSvY,2021-03-16,-7,8,28,-33,-32,1
BZ,Belize,,,,,,ChIJ-foSwT5bXI8RTuMeP02KSvY,2021-03-17,-9,7,13,-36,-30,2
BZ,Belize,,,,,,ChIJ-foSwT5bXI8RTuMeP02KSvY,2021-03-18,-7,13,23,-31,-30,2
BZ,Belize,,,,,,ChIJ-foSwT5bXI8RTuMeP02KSvY,2021-03-19,-6,1,19,-31,-26,1
BZ,Belize,,,,,,ChIJ-foSwT5bXI8RTuMeP02KSvY,2021-03-20,-10,23,39,-25,-13,-4
BZ,Belize,,,,,,ChIJ-foSwT5bXI8RTuMeP02KSvY,2021-03-21,-12,16,33,-28,-18,-4
BZ,Belize,,,,,,ChIJ-foSwT5bXI8RTuMeP02KSvY,2021-03-22,2,11,28,-28,-26,0
BZ,Belize,,,,,,ChIJ-foSwT5bXI8RTuMeP02KSvY,2021-03-23,-2,12,29,-31,-31,1
BZ,Belize,,,,,,ChIJ-foSwT5bXI8RTuMeP02KSvY,2021-03-24,-8,7,18,-31,-28,2
BZ,Belize,,,,,,ChIJ-foSwT5bXI8RTuMeP02KSvY,2021-03-25,-5,15,33,-31,-29,1
BZ,Belize,,,,,,ChIJ-foSwT5bXI8RTuMeP02KSvY,2021-03-26,-1,2,34,-28,-23,0
BZ,Belize,,,,,,ChIJ-foSwT5bXI8RTuMeP02KSvY,2021-03-27,-7,24,48,-16,-13,-5
BZ,Belize,,,,,,ChIJ-foSwT5bXI8RTuMeP02KSvY,2021-03-28,-4,23,50,-19,-16,-5
BZ,Belize,,,,,,ChIJ-foSwT5bXI8RTuMeP02KSvY,2021-03-29,9,19,38,-22,-28,-1
BZ,Belize,,,,,,ChIJ-foSwT5bXI8RTuMeP02KSvY,2021-03-30,8,22,45,-21,-30,-1
BZ,Belize,,,,,,ChIJ-foSwT5bXI8RTuMeP02KSvY,2021-03-31,13,36,39,-14,-30,-1
BZ,Belize,,,,,,ChIJ-foSwT5bXI8RTuMeP02KSvY,2021-04-01,26,82,63,6,-34,-4
BZ,Belize,,,,,,ChIJ-foSwT5bXI8RTuMeP02KSvY,2021-04-02,-64,-70,-4,-65,-76,17
BZ,Belize,,,,,,ChIJ-foSwT5bXI8RTuMeP02KSvY,2021-04-03,-24,19,57,-25,-38,-3
BZ,Belize,,,,,,ChIJ-foSwT5bXI8RTuMeP02KSvY,2021-04-04,-6,15,53,-24,-24,-6
BZ,Belize,,,,,,ChIJ-foSwT5bXI8RTuMeP02KSvY,2021-04-05,-29,-20,45,-41,-72,6
BZ,Belize,,,,,,ChIJ-foSwT5bXI8RTuMeP02KSvY,2021-04-06,0,19,29,-23,-33,0
BZ,Belize,,,,,,ChIJ-foSwT5bXI8RTuMeP02KSvY,2021-04-07,-4,18,26,-27,-33,2
BZ,Belize,,,,,,ChIJ-foSwT5bXI8RTuMeP02KSvY,2021-04-08,-5,16,33,-27,-32,1
BZ,Belize,,,,,,ChIJ-foSwT5bXI8RTuMeP02KSvY,2021-04-09,-3,-1,33,-27,-27,1
BZ,Belize,,,,,,ChIJ-foSwT5bXI8RTuMeP02KSvY,2021-04-10,-13,18,50,-22,-14,-5
BZ,Belize,,,,,,ChIJ-foSwT5bXI8RTuMeP02KSvY,2021-04-11,-6,22,51,-20,-17,-5
BZ,Belize,,,,,,ChIJ-foSwT5bXI8RTuMeP02KSvY,2021-04-12,1,13,29,-26,-24,-1
BZ,Belize,,,,,,ChIJ-foSwT5bXI8RTuMeP02KSvY,2021-04-13,1,18,30,-28,-29,1
BZ,Belize,,,,,,ChIJ-foSwT5bXI8RTuMeP02KSvY,2021-04-14,-1,17,27,-30,-28,1
BZ,Belize,,,,,,ChIJ-foSwT5bXI8RTuMeP02KSvY,2021-04-15,-2,20,30,-27,-28,1
BZ,Belize,,,,,,ChIJ-foSwT5bXI8RTuMeP02KSvY,2021-04-16,1,3,38,-27,-24,0
BZ,Belize,,,,,,ChIJ-foSwT5bXI8RTuMeP02KSvY,2021-04-17,-8,23,56,-21,-12,-5
BZ,Belize,,,,,,ChIJ-foSwT5bXI8RTuMeP02KSvY,2021-04-18,-9,18,44,-21,-20,-5
BZ,Belize,,,,,,ChIJ-foSwT5bXI8RTuMeP02KSvY,2021-04-19,0,11,30,-27,-25,-1
BZ,Belize,,,,,,ChIJ-foSwT5bXI8RTuMeP02KSvY,2021-04-20,-1,15,36,-30,-28,0
BZ,Belize,,,,,,ChIJ-foSwT5bXI8RTuMeP02KSvY,2021-04-21,-4,11,23,-34,-27,1
BZ,Belize,,,,,,ChIJ-foSwT5bXI8RTuMeP02KSvY,2021-04-22,-6,14,30,-29,-28,1
BZ,Belize,,,,,,ChIJ-foSwT5bXI8RTuMeP02KSvY,2021-04-23,0,1,37,-27,-23,0
BZ,Belize,,,,,,ChIJ-foSwT5bXI8RTuMeP02KSvY,2021-04-24,-9,19,54,-25,-13,-4
BZ,Belize,Belize District,,,BZ-BZ,,ChIJjU1Odp5GXI8R9Gnf8G_6efo,2021-01-01,-68,-59,-45,-80,-75,28
BZ,Belize,Belize District,,,BZ-BZ,,ChIJjU1Odp5GXI8R9Gnf8G_6efo,2021-01-02,-30,-15,-25,-47,-20,10
BZ,Belize,Belize District,,,BZ-BZ,,ChIJjU1Odp5GXI8R9Gnf8G_6efo,2021-01-03,-37,,-49,-46,-24,
BZ,Belize,Belize District,,,BZ-BZ,,ChIJjU1Odp5GXI8R9Gnf8G_6efo,2021-01-04,-14,-9,-13,-36,-30,13
BZ,Belize,Belize District,,,BZ-BZ,,ChIJjU1Odp5GXI8R9Gnf8G_6efo,2021-01-05,-19,-9,-23,-41,-32,14
BZ,Belize,Belize District,,,BZ-BZ,,ChIJjU1Odp5GXI8R9Gnf8G_6efo,2021-01-06,-20,-5,-36,-42,-30,15
BZ,Belize,Belize District,,,BZ-BZ,,ChIJjU1Odp5GXI8R9Gnf8G_6efo,2021-01-07,-22,-10,-29,-41,-30,14
BZ,Belize,Belize District,,,BZ-BZ,,ChIJjU1Odp5GXI8R9Gnf8G_6efo,2021-01-08,-23,-8,-35,-42,-27,14
BZ,Belize,Belize District,,,BZ-BZ,,ChIJjU1Odp5GXI8R9Gnf8G_6efo,2021-01-09,-15,0,-23,-38,-8,6
BZ,Belize,Belize District,,,BZ-BZ,,ChIJjU1Odp5GXI8R9Gnf8G_6efo,2021-01-10,-28,,-47,-45,-16,
BZ,Belize,Belize District,,,BZ-BZ,,ChIJjU1Odp5GXI8R9Gnf8G_6efo,2021-01-11,-18,-13,-27,-40,-24,10
BZ,Belize,Belize District,,,BZ-BZ,,ChIJjU1Odp5GXI8R9Gnf8G_6efo,2021-01-12,-22,-18,-39,-46,-29,12
BZ,Belize,Belize District,,,BZ-BZ,,ChIJjU1Odp5GXI8R9Gnf8G_6efo,2021-01-13,-24,-9,-40,-47,-31,10
BZ,Belize,Belize District,,,BZ-BZ,,ChIJjU1Odp5GXI8R9Gnf8G_6efo,2021-01-14,-13,13,-31,-38,-33,8
BZ,Belize,Belize District,,,BZ-BZ,,ChIJjU1Odp5GXI8R9Gnf8G_6efo,2021-01-15,-57,-39,-57,-68,-75,22
BZ,Belize,Belize District,,,BZ-BZ,,ChIJjU1Odp5GXI8R9Gnf8G_6efo,2021-01-16,-21,3,-35,-38,-21,4
BZ,Belize,Belize District,,,BZ-BZ,,ChIJjU1Odp5GXI8R9Gnf8G_6efo,2021-01-17,-35,,-33,-46,-27,
BZ,Belize,Belize District,,,BZ-BZ,,ChIJjU1Odp5GXI8R9Gnf8G_6efo,2021-01-18,-17,-10,-26,-41,-30,9
BZ,Belize,Belize District,,,BZ-BZ,,ChIJjU1Odp5GXI8R9Gnf8G_6efo,2021-01-19,-33,-22,-42,-51,-36,12
BZ,Belize,Belize District,,,BZ-BZ,,ChIJjU1Odp5GXI8R9Gnf8G_6efo,2021-01-20,-26,-8,-37,-48,-33,11
BZ,Belize,Belize District,,,BZ-BZ,,ChIJjU1Odp5GXI8R9Gnf8G_6efo,2021-01-21,-29,-17,-39,-42,-33,11
BZ,Belize,Belize District,,,BZ-BZ,,ChIJjU1Odp5GXI8R9Gnf8G_6efo,2021-01-22,-26,-15,-39,-45,-30,12
BZ,Belize,Belize District,,,BZ-BZ,,ChIJjU1Odp5GXI8R9Gnf8G_6efo,2021-01-23,-18,1,-26,-39,-12,4
BZ,Belize,Belize District,,,BZ-BZ,,ChIJjU1Odp5GXI8R9Gnf8G_6efo,2021-01-24,-26,,-32,-44,-22,
BZ,Belize,Belize District,,,BZ-BZ,,ChIJjU1Odp5GXI8R9Gnf8G_6efo,2021-01-25,-19,-15,-28,-37,-28,9
BZ,Belize,Belize District,,,BZ-BZ,,ChIJjU1Odp5GXI8R9Gnf8G_6efo,2021-01-26,-23,-11,-31,-41,-33,10
BZ,Belize,Belize District,,,BZ-BZ,,ChIJjU1Odp5GXI8R9Gnf8G_6efo,2021-01-27,-25,-6,-37,-43,-31,10
BZ,Belize,Belize District,,,BZ-BZ,,ChIJjU1Odp5GXI8R9Gnf8G_6efo,2021-01-28,-26,-6,-36,-40,-33,10
BZ,Belize,Belize District,,,BZ-BZ,,ChIJjU1Odp5GXI8R9Gnf8G_6efo,2021-01-29,-19,3,-40,-37,-31,9
BZ,Belize,Belize District,,,BZ-BZ,,ChIJjU1Odp5GXI8R9Gnf8G_6efo,2021-01-30,-10,10,-15,-33,-16,1
BZ,Belize,Belize District,,,BZ-BZ,,ChIJjU1Odp5GXI8R9Gnf8G_6efo,2021-01-31,-20,18,-23,-42,-23,
BZ,Belize,Belize District,,,BZ-BZ,,ChIJjU1Odp5GXI8R9Gnf8G_6efo,2021-02-01,-10,1,-23,-36,-25,5
BZ,Belize,Belize District,,,BZ-BZ,,ChIJjU1Odp5GXI8R9Gnf8G_6efo,2021-02-02,-15,2,-23,-41,-31,6
BZ,Belize,Belize District,,,BZ-BZ,,ChIJjU1Odp5GXI8R9Gnf8G_6efo,2021-02-03,-22,-7,-37,-45,-29,8
BZ,Belize,Belize District,,,BZ-BZ,,ChIJjU1Odp5GXI8R9Gnf8G_6efo,2021-02-04,-23,-9,-28,-47,-30,9
BZ,Belize,Belize District,,,BZ-BZ,,ChIJjU1Odp5GXI8R9Gnf8G_6efo,2021-02-05,-16,-3,-23,-42,-27,7
BZ,Belize,Belize District,,,BZ-BZ,,ChIJjU1Odp5GXI8R9Gnf8G_6efo,2021-02-06,-14,4,-14,-37,-7,1
BZ,Belize,Belize District,,,BZ-BZ,,ChIJjU1Odp5GXI8R9Gnf8G_6efo,2021-02-07,-23,2,-17,-49,-19,
BZ,Belize,Belize District,,,BZ-BZ,,ChIJjU1Odp5GXI8R9Gnf8G_6efo,2021-02-08,-17,-7,-19,-42,-26,6
BZ,Belize,Belize District,,,BZ-BZ,,ChIJjU1Odp5GXI8R9Gnf8G_6efo,2021-02-09,-18,-8,-18,-42,-30,8
BZ,Belize,Belize District,,,BZ-BZ,,ChIJjU1Odp5GXI8R9Gnf8G_6efo,2021-02-10,-21,-6,-26,-46,-29,8
BZ,Belize,Belize District,,,BZ-BZ,,ChIJjU1Odp5GXI8R9Gnf8G_6efo,2021-02-11,-16,2,-22,-41,-30,7
BZ,Belize,Belize District,,,BZ-BZ,,ChIJjU1Odp5GXI8R9Gnf8G_6efo,2021-02-12,-11,11,-21,-36,-26,3
BZ,Belize,Belize District,,,BZ-BZ,,ChIJjU1Odp5GXI8R9Gnf8G_6efo,2021-02-13,1,18,2,-20,-13,-5
BZ,Belize,Belize District,,,BZ-BZ,,ChIJjU1Odp5GXI8R9Gnf8G_6efo,2021-02-14,5,24,1,-33,-17,
BZ,Belize,Belize District,,,BZ-BZ,,ChIJjU1Odp5GXI8R9Gnf8G_6efo,2021-02-15,-14,-4,-20,-36,-27,3
BZ,Belize,Belize District,,,BZ-BZ,,ChIJjU1Odp5GXI8R9Gnf8G_6efo,2021-02-16,-19,-1,-19,-40,-30,5
BZ,Belize,Belize District,,,BZ-BZ,,ChIJjU1Odp5GXI8R9Gnf8G_6efo,2021-02-17,-17,-5,-22,-36,-30,5
BZ,Belize,Belize District,,,BZ-BZ,,ChIJjU1Odp5GXI8R9Gnf8G_6efo,2021-02-18,-23,-5,-24,-44,-28,7
BZ,Belize,Belize District,,,BZ-BZ,,ChIJjU1Odp5GXI8R9Gnf8G_6efo,2021-02-19,-20,-7,-33,-42,-25,6
BZ,Belize,Belize District,,,BZ-BZ,,ChIJjU1Odp5GXI8R9Gnf8G_6efo,2021-02-20,-15,4,-27,-36,-11,-1
BZ,Belize,Belize District,,,BZ-BZ,,ChIJjU1Odp5GXI8R9Gnf8G_6efo,2021-02-21,-36,,-47,-49,-25,
BZ,Belize,Belize District,,,BZ-BZ,,ChIJjU1Odp5GXI8R9Gnf8G_6efo,2021-02-22,-20,-8,-21,-39,-23,5
BZ,Belize,Belize District,,,BZ-BZ,,ChIJjU1Odp5GXI8R9Gnf8G_6efo,2021-02-23,-16,0,-22,-43,-28,5
BZ,Belize,Belize District,,,BZ-BZ,,ChIJjU1Odp5GXI8R9Gnf8G_6efo,2021-02-24,-14,3,-23,-45,-26,5
BZ,Belize,Belize District,,,BZ-BZ,,ChIJjU1Odp5GXI8R9Gnf8G_6efo,2021-02-25,-15,8,-18,-38,-28,5
BZ,Belize,Belize District,,,BZ-BZ,,ChIJjU1Odp5GXI8R9Gnf8G_6efo,2021-02-26,-10,11,-19,-38,-24,4
BZ,Belize,Belize District,,,BZ-BZ,,ChIJjU1Odp5GXI8R9Gnf8G_6efo,2021-02-27,0,19,9,-29,-9,-4
BZ,Belize,Belize District,,,BZ-BZ,,ChIJjU1Odp5GXI8R9Gnf8G_6efo,2021-02-28,-15,18,-4,-35,-19,
BZ,Belize,Belize District,,,BZ-BZ,,ChIJjU1Odp5GXI8R9Gnf8G_6efo,2021-03-01,-12,3,-6,-33,-23,2
BZ,Belize,Belize District,,,BZ-BZ,,ChIJjU1Odp5GXI8R9Gnf8G_6efo,2021-03-02,-12,5,-20,-37,-28,4
BZ,Belize,Belize District,,,BZ-BZ,,ChIJjU1Odp5GXI8R9Gnf8G_6efo,2021-03-03,-12,-2,-15,-43,-34,3
BZ,Belize,Belize District,,,BZ-BZ,,ChIJjU1Odp5GXI8R9Gnf8G_6efo,2021-03-04,-15,6,-17,-37,-30,6
BZ,Belize,Belize District,,,BZ-BZ,,ChIJjU1Odp5GXI8R9Gnf8G_6efo,2021-03-05,-10,9,-23,-39,-24,4
BZ,Belize,Belize District,,,BZ-BZ,,ChIJjU1Odp5GXI8R9Gnf8G_6efo,2021-03-06,-10,13,0,-24,-11,-5
BZ,Belize,Belize District,,,BZ-BZ,,ChIJjU1Odp5GXI8R9Gnf8G_6efo,2021-03-07,-15,18,1,-29,-19,
BZ,Belize,Belize District,,,BZ-BZ,,ChIJjU1Odp5GXI8R9Gnf8G_6efo,2021-03-08,-52,-40,-22,-54,-76,15
BZ,Belize,Belize District,,,BZ-BZ,,ChIJjU1Odp5GXI8R9Gnf8G_6efo,2021-03-09,-14,8,-22,-36,-25,2
BZ,Belize,Belize District,,,BZ-BZ,,ChIJjU1Odp5GXI8R9Gnf8G_6efo,2021-03-10,-23,1,-27,-44,-27,6
BZ,Belize,Belize District,,,BZ-BZ,,ChIJjU1Odp5GXI8R9Gnf8G_6efo,2021-03-11,-13,12,-16,-36,-26,6
BZ,Belize,Belize District,,,BZ-BZ,,ChIJjU1Odp5GXI8R9Gnf8G_6efo,2021-03-12,-9,15,-22,-38,-24,3
BZ,Belize,Belize District,,,BZ-BZ,,ChIJjU1Odp5GXI8R9Gnf8G_6efo,2021-03-13,-3,16,14,-27,-4,-4
BZ,Belize,Belize District,,,BZ-BZ,,ChIJjU1Odp5GXI8R9Gnf8G_6efo,2021-03-14,-9,29,5,-33,-13,
BZ,Belize,Belize District,,,BZ-BZ,,ChIJjU1Odp5GXI8R9Gnf8G_6efo,2021-03-15,-9,8,0,-32,-22,2
BZ,Belize,Belize District,,,BZ-BZ,,ChIJjU1Odp5GXI8R9Gnf8G_6efo,2021-03-16,-11,9,-10,-38,-27,4
BZ,Belize,Belize District,,,BZ-BZ,,ChIJjU1Odp5GXI8R9Gnf8G_6efo,2021-03-17,-12,9,-15,-38,-26,5
BZ,Belize,Belize District,,,BZ-BZ,,ChIJjU1Odp5GXI8R9Gnf8G_6efo,2021-03-18,-12,10,-8,-33,-25,5
BZ,Belize,Belize District,,,BZ-BZ,,ChIJjU1Odp5GXI8R9Gnf8G_6efo,2021-03-19,-7,15,-18,-33,-23,4
BZ,Belize,Belize District,,,BZ-BZ,,ChIJjU1Odp5GXI8R9Gnf8G_6efo,2021-03-20,-1,22,-1,-25,-5,-4
BZ,Belize,Belize District,,,BZ-BZ,,ChIJjU1Odp5GXI8R9Gnf8G_6efo,2021-03-21,-15,22,-4,-35,-12,
BZ,Belize,Belize District,,,BZ-BZ,,ChIJjU1Odp5GXI8R9Gnf8G_6efo,2021-03-22,-6,11,-4,-31,-22,3
BZ,Belize,Belize District,,,BZ-BZ,,ChIJjU1Odp5GXI8R9Gnf8G_6efo,2021-03-23,-7,9,-12,-33,-27,3
BZ,Belize,Belize District,,,BZ-BZ,,ChIJjU1Odp5GXI8R9Gnf8G_6efo,2021-03-24,-14,7,-19,-32,-23,5
BZ,Belize,Belize District,,,BZ-BZ,,ChIJjU1Odp5GXI8R9Gnf8G_6efo,2021-03-25,-8,11,-3,-34,-24,5
BZ,Belize,Belize District,,,BZ-BZ,,ChIJjU1Odp5GXI8R9Gnf8G_6efo,2021-03-26,-1,16,-18,-32,-21,2
BZ,Belize,Belize District,,,BZ-BZ,,ChIJjU1Odp5GXI8R9Gnf8G_6efo,2021-03-27,1,20,16,-16,-6,-5
BZ,Belize,Belize District,,,BZ-BZ,,ChIJjU1Odp5GXI8R9Gnf8G_6efo,2021-03-28,-6,26,6,-23,-8,
BZ,Belize,Belize District,,,BZ-BZ,,ChIJjU1Odp5GXI8R9Gnf8G_6efo,2021-03-29,2,19,-1,-25,-23,1
BZ,Belize,Belize District,,,BZ-BZ,,ChIJjU1Odp5GXI8R9Gnf8G_6efo,2021-03-30,4,22,2,-20,-26,1
BZ,Belize,Belize District,,,BZ-BZ,,ChIJjU1Odp5GXI8R9Gnf8G_6efo,2021-03-31,13,48,-4,-12,-26,0
BZ,Belize,Belize District,,,BZ-BZ,,ChIJjU1Odp5GXI8R9Gnf8G_6efo,2021-04-01,18,85,6,11,-31,-1
BZ,Belize,Belize District,,,BZ-BZ,,ChIJjU1Odp5GXI8R9Gnf8G_6efo,2021-04-02,-75,-77,-53,-67,-79,22
BZ,Belize,Belize District,,,BZ-BZ,,ChIJjU1Odp5GXI8R9Gnf8G_6efo,2021-04-03,-41,-8,-6,-30,-41,-3
BZ,Belize,Belize District,,,BZ-BZ,,ChIJjU1Odp5GXI8R9Gnf8G_6efo,2021-04-04,-26,,-7,-36,-24,
BZ,Belize,Belize District,,,BZ-BZ,,ChIJjU1Odp5GXI8R9Gnf8G_6efo,2021-04-05,-51,-42,-8,-41,-77,8
BZ,Belize,Belize District,,,BZ-BZ,,ChIJjU1Odp5GXI8R9Gnf8G_6efo,2021-04-06,-7,16,-17,-27,-31,3
BZ,Belize,Belize District,,,BZ-BZ,,ChIJjU1Odp5GXI8R9Gnf8G_6efo,2021-04-07,-12,19,-19,-28,-30,5
BZ,Belize,Belize District,,,BZ-BZ,,ChIJjU1Odp5GXI8R9Gnf8G_6efo,2021-04-08,-12,11,-14,-30,-29,5
BZ,Belize,Belize District,,,BZ-BZ,,ChIJjU1Odp5GXI8R9Gnf8G_6efo,2021-04-09,-6,9,-20,-27,-24,4
BZ,Belize,Belize District,,,BZ-BZ,,ChIJjU1Odp5GXI8R9Gnf8G_6efo,2021-04-10,-5,17,10,-22,-5,-4
BZ,Belize,Belize District,,,BZ-BZ,,ChIJjU1Odp5GXI8R9Gnf8G_6efo,2021-04-11,-8,23,2,-23,-12,
BZ,Belize,Belize District,,,BZ-BZ,,ChIJjU1Odp5GXI8R9Gnf8G_6efo,2021-04-12,-5,12,-10,-28,-20,2
BZ,Belize,Belize District,,,BZ-BZ,,ChIJjU1Odp5GXI8R9Gnf8G_6efo,2021-04-13,-2,18,-15,-30,-25,3
BZ,Belize,Belize District,,,BZ-BZ,,ChIJjU1Odp5GXI8R9Gnf8G_6efo,2021-04-14,-5,18,-11,-32,-24,4
BZ,Belize,Belize District,,,BZ-BZ,,ChIJjU1Odp5GXI8R9Gnf8G_6efo,2021-04-15,-6,18,-5,-29,-26,4
BZ,Belize,Belize District,,,BZ-BZ,,ChIJjU1Odp5GXI8R9Gnf8G_6efo,2021-04-16,3,18,-3,-26,-22,2
BZ,Belize,Belize District,,,BZ-BZ,,ChIJjU1Odp5GXI8R9Gnf8G_6efo,2021-04-17,2,18,18,-22,-8,-5
BZ,Belize,Belize District,,,BZ-BZ,,ChIJjU1Odp5GXI8R9Gnf8G_6efo,2021-04-18,-14,,-2,-27,-17,
BZ,Belize,Belize District,,,BZ-BZ,,ChIJjU1Odp5GXI8R9Gnf8G_6efo,2021-04-19,-4,7,-2,-30,-23,1
BZ,Belize,Belize District,,,BZ-BZ,,ChIJjU1Odp5GXI8R9Gnf8G_6efo,2021-04-20,-5,10,-2,-32,-26,3
BZ,Belize,Belize District,,,BZ-BZ,,ChIJjU1Odp5GXI8R9Gnf8G_6efo,2021-04-21,-7,10,-8,-35,-25,4
BZ,Belize,Belize District,,,BZ-BZ,,ChIJjU1Odp5GXI8R9Gnf8G_6efo,2021-04-22,-11,10,-13,-29,-24,3
BZ,Belize,Belize District,,,BZ-BZ,,ChIJjU1Odp5GXI8R9Gnf8G_6efo,2021-04-23,-2,15,-4,-25,-21,3
BZ,Belize,Belize District,,,BZ-BZ,,ChIJjU1Odp5GXI8R9Gnf8G_6efo,2021-04-24,1,13,17,-22,-7,-4
BZ,Belize,Cayo District,,,BZ-CY,,ChIJE6Mw4WfVXY8RKrsFp7Ef4PM,2021-01-01,-64,-53,41,-82,-75,23
BZ,Belize,Cayo District,,,BZ-CY,,ChIJE6Mw4WfVXY8RKrsFp7Ef4PM,2021-01-02,-22,,20,-53,-25,
BZ,Belize,Cayo District,,,BZ-CY,,ChIJE6Mw4WfVXY8RKrsFp7Ef4PM,2021-01-03,-34,,8,-53,-28,
BZ,Belize,Cayo District,,,BZ-CY,,ChIJE6Mw4WfVXY8RKrsFp7Ef4PM,2021-01-04,-11,2,35,-50,-35,13
BZ,Belize,Cayo District,,,BZ-CY,,ChIJE6Mw4WfVXY8RKrsFp7Ef4PM,2021-01-05,-5,,22,-57,-35,12
BZ,Belize,Cayo District,,,BZ-CY,,ChIJE6Mw4WfVXY8RKrsFp7Ef4PM,2021-01-06,-10,-7,19,-52,-33,13
BZ,Belize,Cayo District,,,BZ-CY,,ChIJE6Mw4WfVXY8RKrsFp7Ef4PM,2021-01-07,-13,-1,25,-48,-32,13
BZ,Belize,Cayo District,,,BZ-CY,,ChIJE6Mw4WfVXY8RKrsFp7Ef4PM,2021-01-08,-15,-9,16,-52,-30,14
BZ,Belize,Cayo District,,,BZ-CY,,ChIJE6Mw4WfVXY8RKrsFp7Ef4PM,2021-01-09,-5,6,31,-40,-9,
BZ,Belize,Cayo District,,,BZ-CY,,ChIJE6Mw4WfVXY8RKrsFp7Ef4PM,2021-01-10,-16,,17,-48,-16,
BZ,Belize,Cayo District,,,BZ-CY,,ChIJE6Mw4WfVXY8RKrsFp7Ef4PM,2021-01-11,-11,-6,22,-52,-27,11
BZ,Belize,Cayo District,,,BZ-CY,,ChIJE6Mw4WfVXY8RKrsFp7Ef4PM,2021-01-12,-13,-7,12,-57,-34,12
BZ,Belize,Cayo District,,,BZ-CY,,ChIJE6Mw4WfVXY8RKrsFp7Ef4PM,2021-01-13,-15,-4,9,-59,-33,10
BZ,Belize,Cayo District,,,BZ-CY,,ChIJE6Mw4WfVXY8RKrsFp7Ef4PM,2021-01-14,-10,10,17,-50,-36,7
BZ,Belize,Cayo District,,,BZ-CY,,ChIJE6Mw4WfVXY8RKrsFp7Ef4PM,2021-01-15,-40,,19,-74,-67,18
BZ,Belize,Cayo District,,,BZ-CY,,ChIJE6Mw4WfVXY8RKrsFp7Ef4PM,2021-01-16,-3,4,20,-52,-21,
BZ,Belize,Cayo District,,,BZ-CY,,ChIJE6Mw4WfVXY8RKrsFp7Ef4PM,2021-01-17,-19,,19,-56,-24,
BZ,Belize,Cayo District,,,BZ-CY,,ChIJE6Mw4WfVXY8RKrsFp7Ef4PM,2021-01-18,-11,,23,-52,-34,8
BZ,Belize,Cayo District,,,BZ-CY,,ChIJE6Mw4WfVXY8RKrsFp7Ef4PM,2021-01-19,-21,-16,-2,-64,-38,11
BZ,Belize,Cayo District,,,BZ-CY,,ChIJE6Mw4WfVXY8RKrsFp7Ef4PM,2021-01-20,-17,,10,-60,-38,11
BZ,Belize,Cayo District,,,BZ-CY,,ChIJE6Mw4WfVXY8RKrsFp7Ef4PM,2021-01-21,-25,,6,-62,-36,11
BZ,Belize,Cayo District,,,BZ-CY,,ChIJE6Mw4WfVXY8RKrsFp7Ef4PM,2021-01-22,-16,-12,16,-59,-33,10
BZ,Belize,Cayo District,,,BZ-CY,,ChIJE6Mw4WfVXY8RKrsFp7Ef4PM,2021-01-23,-2,5,21,-57,-18,
BZ,Belize,Cayo District,,,BZ-CY,,ChIJE6Mw4WfVXY8RKrsFp7Ef4PM,2021-01-24,,,22,-62,-18,
BZ,Belize,Cayo District,,,BZ-CY,,ChIJE6Mw4WfVXY8RKrsFp7Ef4PM,2021-01-25,-10,,29,-55,-29,8
BZ,Belize,Cayo District,,,BZ-CY,,ChIJE6Mw4WfVXY8RKrsFp7Ef4PM,2021-01-26,-13,,24,-59,-34,9
BZ,Belize,Cayo District,,,BZ-CY,,ChIJE6Mw4WfVXY8RKrsFp7Ef4PM,2021-01-27,-15,-9,18,-56,-34,9
BZ,Belize,Cayo District,,,BZ-CY,,ChIJE6Mw4WfVXY8RKrsFp7Ef4PM,2021-01-28,-13,-2,24,-50,-34,8
BZ,Belize,Cayo District,,,BZ-CY,,ChIJE6Mw4WfVXY8RKrsFp7Ef4PM,2021-01-29,-7,4,30,-57,-30,6
BZ,Belize,Cayo District,,,BZ-CY,,ChIJE6Mw4WfVXY8RKrsFp7Ef4PM,2021-01-30,7,23,40,-38,-19,
BZ,Belize,Cayo District,,,BZ-CY,,ChIJE6Mw4WfVXY8RKrsFp7Ef4PM,2021-01-31,-10,,35,-38,-21,
BZ,Belize,Cayo District,,,BZ-CY,,ChIJE6Mw4WfVXY8RKrsFp7Ef4PM,2021-02-01,-4,,32,-48,-29,3
BZ,Belize,Cayo District,,,BZ-CY,,ChIJE6Mw4WfVXY8RKrsFp7Ef4PM,2021-02-02,-8,-2,27,-51,-32,4
BZ,Belize,Cayo District,,,BZ-CY,,ChIJE6Mw4WfVXY8RKrsFp7Ef4PM,2021-02-03,-16,-9,24,-60,-32,6
BZ,Belize,Cayo District,,,BZ-CY,,ChIJE6Mw4WfVXY8RKrsFp7Ef4PM,2021-02-04,-15,-6,41,-57,-33,8
BZ,Belize,Cayo District,,,BZ-CY,,ChIJE6Mw4WfVXY8RKrsFp7Ef4PM,2021-02-05,-10,-6,42,-62,-28,8
BZ,Belize,Cayo District,,,BZ-CY,,ChIJE6Mw4WfVXY8RKrsFp7Ef4PM,2021-02-06,-3,0,47,-49,-13,
BZ,Belize,Cayo District,,,BZ-CY,,ChIJE6Mw4WfVXY8RKrsFp7Ef4PM,2021-02-07,-16,,52,-50,-13,
BZ,Belize,Cayo District,,,BZ-CY,,ChIJE6Mw4WfVXY8RKrsFp7Ef4PM,2021-02-08,-8,1,44,-50,-29,7
BZ,Belize,Cayo District,,,BZ-CY,,ChIJE6Mw4WfVXY8RKrsFp7Ef4PM,2021-02-09,-8,-4,31,-61,-33,7
BZ,Belize,Cayo District,,,BZ-CY,,ChIJE6Mw4WfVXY8RKrsFp7Ef4PM,2021-02-10,-13,,31,-58,-31,8
BZ,Belize,Cayo District,,,BZ-CY,,ChIJE6Mw4WfVXY8RKrsFp7Ef4PM,2021-02-11,-8,,21,-56,-32,6
BZ,Belize,Cayo District,,,BZ-CY,,ChIJE6Mw4WfVXY8RKrsFp7Ef4PM,2021-02-12,2,12,22,-53,-28,1
BZ,Belize,Cayo District,,,BZ-CY,,ChIJE6Mw4WfVXY8RKrsFp7Ef4PM,2021-02-13,16,23,37,-38,-17,
BZ,Belize,Cayo District,,,BZ-CY,,ChIJE6Mw4WfVXY8RKrsFp7Ef4PM,2021-02-14,,,56,-39,-20,
BZ,Belize,Cayo District,,,BZ-CY,,ChIJE6Mw4WfVXY8RKrsFp7Ef4PM,2021-02-15,-5,1,18,-47,-32,-1
BZ,Belize,Cayo District,,,BZ-CY,,ChIJE6Mw4WfVXY8RKrsFp7Ef4PM,2021-02-16,-6,-1,20,-56,-32,1
BZ,Belize,Cayo District,,,BZ-CY,,ChIJE6Mw4WfVXY8RKrsFp7Ef4PM,2021-02-17,-11,-1,10,-51,-32,2
BZ,Belize,Cayo District,,,BZ-CY,,ChIJE6Mw4WfVXY8RKrsFp7Ef4PM,2021-02-18,-13,,11,-53,-32,3
BZ,Belize,Cayo District,,,BZ-CY,,ChIJE6Mw4WfVXY8RKrsFp7Ef4PM,2021-02-19,-10,2,16,-61,-28,2
BZ,Belize,Cayo District,,,BZ-CY,,ChIJE6Mw4WfVXY8RKrsFp7Ef4PM,2021-02-20,2,8,30,-47,-15,
BZ,Belize,Cayo District,,,BZ-CY,,ChIJE6Mw4WfVXY8RKrsFp7Ef4PM,2021-02-21,-23,,10,-39,-28,
BZ,Belize,Cayo District,,,BZ-CY,,ChIJE6Mw4WfVXY8RKrsFp7Ef4PM,2021-02-22,-7,-3,23,-52,-28,2
BZ,Belize,Cayo District,,,BZ-CY,,ChIJE6Mw4WfVXY8RKrsFp7Ef4PM,2021-02-23,-5,3,13,-54,-31,2
BZ,Belize,Cayo District,,,BZ-CY,,ChIJE6Mw4WfVXY8RKrsFp7Ef4PM,2021-02-24,-5,2,16,-48,-30,3
BZ,Belize,Cayo District,,,BZ-CY,,ChIJE6Mw4WfVXY8RKrsFp7Ef4PM,2021-02-25,-8,9,20,-51,-32,2
BZ,Belize,Cayo District,,,BZ-CY,,ChIJE6Mw4WfVXY8RKrsFp7Ef4PM,2021-02-26,6,15,23,-52,-26,0
BZ,Belize,Cayo District,,,BZ-CY,,ChIJE6Mw4WfVXY8RKrsFp7Ef4PM,2021-02-27,20,23,46,-38,-14,
BZ,Belize,Cayo District,,,BZ-CY,,ChIJE6Mw4WfVXY8RKrsFp7Ef4PM,2021-02-28,-5,,52,-51,-21,
BZ,Belize,Cayo District,,,BZ-CY,,ChIJE6Mw4WfVXY8RKrsFp7Ef4PM,2021-03-01,4,13,31,-44,-27,-1
BZ,Belize,Cayo District,,,BZ-CY,,ChIJE6Mw4WfVXY8RKrsFp7Ef4PM,2021-03-02,4,6,17,-52,-31,-1
BZ,Belize,Cayo District,,,BZ-CY,,ChIJE6Mw4WfVXY8RKrsFp7Ef4PM,2021-03-03,-5,-1,23,-53,-37,0
BZ,Belize,Cayo District,,,BZ-CY,,ChIJE6Mw4WfVXY8RKrsFp7Ef4PM,2021-03-04,-6,4,22,-49,-32,1
BZ,Belize,Cayo District,,,BZ-CY,,ChIJE6Mw4WfVXY8RKrsFp7Ef4PM,2021-03-05,-4,6,22,-51,-29,2
BZ,Belize,Cayo District,,,BZ-CY,,ChIJE6Mw4WfVXY8RKrsFp7Ef4PM,2021-03-06,12,20,50,-40,-17,
BZ,Belize,Cayo District,,,BZ-CY,,ChIJE6Mw4WfVXY8RKrsFp7Ef4PM,2021-03-07,2,,52,-46,-19,
BZ,Belize,Cayo District,,,BZ-CY,,ChIJE6Mw4WfVXY8RKrsFp7Ef4PM,2021-03-08,-35,,41,-64,-71,10
BZ,Belize,Cayo District,,,BZ-CY,,ChIJE6Mw4WfVXY8RKrsFp7Ef4PM,2021-03-09,-1,6,12,-43,-29,-2
BZ,Belize,Cayo District,,,BZ-CY,,ChIJE6Mw4WfVXY8RKrsFp7Ef4PM,2021-03-10,-11,-5,5,-45,-31,4
BZ,Belize,Cayo District,,,BZ-CY,,ChIJE6Mw4WfVXY8RKrsFp7Ef4PM,2021-03-11,-3,14,19,-49,-29,2
BZ,Belize,Cayo District,,,BZ-CY,,ChIJE6Mw4WfVXY8RKrsFp7Ef4PM,2021-03-12,3,18,21,-45,-27,0
BZ,Belize,Cayo District,,,BZ-CY,,ChIJE6Mw4WfVXY8RKrsFp7Ef4PM,2021-03-13,21,,51,-29,-15,
BZ,Belize,Cayo District,,,BZ-CY,,ChIJE6Mw4WfVXY8RKrsFp7Ef4PM,2021-03-14,3,,49,,-18,
BZ,Belize,Cayo District,,,BZ-CY,,ChIJE6Mw4WfVXY8RKrsFp7Ef4PM,2021-03-15,3,,36,-45,-26,-1
BZ,Belize,Cayo District,,,BZ-CY,,ChIJE6Mw4WfVXY8RKrsFp7Ef4PM,2021-03-16,2,11,33,-47,-30,-1
BZ,Belize,Cayo District,,,BZ-CY,,ChIJE6Mw4WfVXY8RKrsFp7Ef4PM,2021-03-17,-4,2,18,-49,-31,2
BZ,Belize,Cayo District,,,BZ-CY,,ChIJE6Mw4WfVXY8RKrsFp7Ef4PM,2021-03-18,0,10,23,-42,-29,1
BZ,Belize,Cayo District,,,BZ-CY,,ChIJE6Mw4WfVXY8RKrsFp7Ef4PM,2021-03-19,5,19,22,-39,-25,1
BZ,Belize,Cayo District,,,BZ-CY,,ChIJE6Mw4WfVXY8RKrsFp7Ef4PM,2021-03-20,19,28,35,-38,-11,
BZ,Belize,Cayo District,,,BZ-CY,,ChIJE6Mw4WfVXY8RKrsFp7Ef4PM,2021-03-21,-1,,46,-42,-12,
BZ,Belize,Cayo District,,,BZ-CY,,ChIJE6Mw4WfVXY8RKrsFp7Ef4PM,2021-03-22,7,15,30,-39,-24,-1
BZ,Belize,Cayo District,,,BZ-CY,,ChIJE6Mw4WfVXY8RKrsFp7Ef4PM,2021-03-23,5,16,24,-45,-29,0
BZ,Belize,Cayo District,,,BZ-CY,,ChIJE6Mw4WfVXY8RKrsFp7Ef4PM,2021-03-24,1,7,24,-41,-29,2
BZ,Belize,Cayo District,,,BZ-CY,,ChIJE6Mw4WfVXY8RKrsFp7Ef4PM,2021-03-25,2,14,32,-41,-27,0
BZ,Belize,Cayo District,,,BZ-CY,,ChIJE6Mw4WfVXY8RKrsFp7Ef4PM,2021-03-26,7,21,40,-40,-20,-2
BZ,Belize,Cayo District,,,BZ-CY,,ChIJE6Mw4WfVXY8RKrsFp7Ef4PM,2021-03-27,24,26,44,-27,-7,
BZ,Belize,Cayo District,,,BZ-CY,,ChIJE6Mw4WfVXY8RKrsFp7Ef4PM,2021-03-28,,,60,,-10,
BZ,Belize,Cayo District,,,BZ-CY,,ChIJE6Mw4WfVXY8RKrsFp7Ef4PM,2021-03-29,15,24,38,-34,-30,-2
BZ,Belize,Cayo District,,,BZ-CY,,ChIJE6Mw4WfVXY8RKrsFp7Ef4PM,2021-03-30,20,22,33,-40,-29,-2
BZ,Belize,Cayo District,,,BZ-CY,,ChIJE6Mw4WfVXY8RKrsFp7Ef4PM,2021-03-31,18,23,47,-29,-30,-2
BZ,Belize,Cayo District,,,BZ-CY,,ChIJE6Mw4WfVXY8RKrsFp7Ef4PM,2021-04-01,34,,46,-17,-34,-6
BZ,Belize,Cayo District,,,BZ-CY,,ChIJE6Mw4WfVXY8RKrsFp7Ef4PM,2021-04-02,-71,-74,22,-78,-77,17
BZ,Belize,Cayo District,,,BZ-CY,,ChIJE6Mw4WfVXY8RKrsFp7Ef4PM,2021-04-03,2,30,46,-37,-37,
BZ,Belize,Cayo District,,,BZ-CY,,ChIJE6Mw4WfVXY8RKrsFp7Ef4PM,2021-04-04,-4,,50,-48,-28,
BZ,Belize,Cayo District,,,BZ-CY,,ChIJE6Mw4WfVXY8RKrsFp7Ef4PM,2021-04-05,-34,,58,-51,-74,7
BZ,Belize,Cayo District,,,BZ-CY,,ChIJE6Mw4WfVXY8RKrsFp7Ef4PM,2021-04-06,12,23,20,-33,-31,-3
BZ,Belize,Cayo District,,,BZ-CY,,ChIJE6Mw4WfVXY8RKrsFp7Ef4PM,2021-04-07,7,17,27,-33,-32,0
BZ,Belize,Cayo District,,,BZ-CY,,ChIJE6Mw4WfVXY8RKrsFp7Ef4PM,2021-04-08,2,16,37,-39,-30,1
BZ,Belize,Cayo District,,,BZ-CY,,ChIJE6Mw4WfVXY8RKrsFp7Ef4PM,2021-04-09,8,17,39,-43,-27,-1
BZ,Belize,Cayo District,,,BZ-CY,,ChIJE6Mw4WfVXY8RKrsFp7Ef4PM,2021-04-10,14,19,53,-32,-16,
BZ,Belize,Cayo District,,,BZ-CY,,ChIJE6Mw4WfVXY8RKrsFp7Ef4PM,2021-04-11,,,62,,-17,
BZ,Belize,Cayo District,,,BZ-CY,,ChIJE6Mw4WfVXY8RKrsFp7Ef4PM,2021-04-12,,16,37,-33,-23,-2
BZ,Belize,Cayo District,,,BZ-CY,,ChIJE6Mw4WfVXY8RKrsFp7Ef4PM,2021-04-13,10,22,30,-48,-26,-1
BZ,Belize,Cayo District,,,BZ-CY,,ChIJE6Mw4WfVXY8RKrsFp7Ef4PM,2021-04-14,9,17,27,-34,-27,-1
BZ,Belize,Cayo District,,,BZ-CY,,ChIJE6Mw4WfVXY8RKrsFp7Ef4PM,2021-04-15,7,20,33,-36,-24,-1
BZ,Belize,Cayo District,,,BZ-CY,,ChIJE6Mw4WfVXY8RKrsFp7Ef4PM,2021-04-16,7,21,34,-42,-19,-1
BZ,Belize,Cayo District,,,BZ-CY,,ChIJE6Mw4WfVXY8RKrsFp7Ef4PM,2021-04-17,15,27,56,-27,-9,
BZ,Belize,Cayo District,,,BZ-CY,,ChIJE6Mw4WfVXY8RKrsFp7Ef4PM,2021-04-18,-2,,49,,-22,
BZ,Belize,Cayo District,,,BZ-CY,,ChIJE6Mw4WfVXY8RKrsFp7Ef4PM,2021-04-19,3,14,33,-33,-23,-2
BZ,Belize,Cayo District,,,BZ-CY,,ChIJE6Mw4WfVXY8RKrsFp7Ef4PM,2021-04-20,6,20,30,-49,-24,-1
BZ,Belize,Cayo District,,,BZ-CY,,ChIJE6Mw4WfVXY8RKrsFp7Ef4PM,2021-04-21,5,14,24,-40,-25,0
BZ,Belize,Cayo District,,,BZ-CY,,ChIJE6Mw4WfVXY8RKrsFp7Ef4PM,2021-04-22,-1,14,32,-40,-26,0
BZ,Belize,Cayo District,,,BZ-CY,,ChIJE6Mw4WfVXY8RKrsFp7Ef4PM,2021-04-23,11,18,34,-37,-19,-1
BZ,Belize,Cayo District,,,BZ-CY,,ChIJE6Mw4WfVXY8RKrsFp7Ef4PM,2021-04-24,18,19,52,-35,-11,
BZ,Belize,Corozal District,,,BZ-CZL,,ChIJqxb2v-hhW48R4_W_oO2Nof0,2021-01-01,-55,,,,-66,
BZ,Belize,Corozal District,,,BZ-CZL,,ChIJqxb2v-hhW48R4_W_oO2Nof0,2021-01-02,-54,,,,-42,
BZ,Belize,Corozal District,,,BZ-CZL,,ChIJqxb2v-hhW48R4_W_oO2Nof0,2021-01-03,-67,,,,-41,
BZ,Belize,Corozal District,,,BZ-CZL,,ChIJqxb2v-hhW48R4_W_oO2Nof0,2021-01-04,-31,,,,-36,
BZ,Belize,Corozal District,,,BZ-CZL,,ChIJqxb2v-hhW48R4_W_oO2Nof0,2021-01-05,-43,,,,-38,
BZ,Belize,Corozal District,,,BZ-CZL,,ChIJqxb2v-hhW48R4_W_oO2Nof0,2021-01-06,-38,,,,-37,
BZ,Belize,Corozal District,,,BZ-CZL,,ChIJqxb2v-hhW48R4_W_oO2Nof0,2021-01-07,-39,,,,-39,
BZ,Belize,Corozal District,,,BZ-CZL,,ChIJqxb2v-hhW48R4_W_oO2Nof0,2021-01-08,-41,,,,-34,
BZ,Belize,Corozal District,,,BZ-CZL,,ChIJqxb2v-hhW48R4_W_oO2Nof0,2021-01-09,-47,,,,-29,
BZ,Belize,Corozal District,,,BZ-CZL,,ChIJqxb2v-hhW48R4_W_oO2Nof0,2021-01-10,-58,,,,-35,
BZ,Belize,Corozal District,,,BZ-CZL,,ChIJqxb2v-hhW48R4_W_oO2Nof0,2021-01-11,-29,,,,-30,
BZ,Belize,Corozal District,,,BZ-CZL,,ChIJqxb2v-hhW48R4_W_oO2Nof0,2021-01-12,-44,,,,-40,
BZ,Belize,Corozal District,,,BZ-CZL,,ChIJqxb2v-hhW48R4_W_oO2Nof0,2021-01-13,-42,,,,-40,
BZ,Belize,Corozal District,,,BZ-CZL,,ChIJqxb2v-hhW48R4_W_oO2Nof0,2021-01-14,-39,,,,-41,
BZ,Belize,Corozal District,,,BZ-CZL,,ChIJqxb2v-hhW48R4_W_oO2Nof0,2021-01-15,-50,,,,-63,
BZ,Belize,Corozal District,,,BZ-CZL,,ChIJqxb2v-hhW48R4_W_oO2Nof0,2021-01-16,-47,,,,-37,
BZ,Belize,Corozal District,,,BZ-CZL,,ChIJqxb2v-hhW48R4_W_oO2Nof0,2021-01-17,-60,,,,-40,
BZ,Belize,Corozal District,,,BZ-CZL,,ChIJqxb2v-hhW48R4_W_oO2Nof0,2021-01-18,-27,,,,-35,
BZ,Belize,Corozal District,,,BZ-CZL,,ChIJqxb2v-hhW48R4_W_oO2Nof0,2021-01-19,-45,,,,-44,
BZ,Belize,Corozal District,,,BZ-CZL,,ChIJqxb2v-hhW48R4_W_oO2Nof0,2021-01-20,-43,,,,-43,
BZ,Belize,Corozal District,,,BZ-CZL,,ChIJqxb2v-hhW48R4_W_oO2Nof0,2021-01-21,-38,,,,-42,
BZ,Belize,Corozal District,,,BZ-CZL,,ChIJqxb2v-hhW48R4_W_oO2Nof0,2021-01-22,-42,,,,-37,
BZ,Belize,Corozal District,,,BZ-CZL,,ChIJqxb2v-hhW48R4_W_oO2Nof0,2021-01-23,-50,,,,-37,
BZ,Belize,Corozal District,,,BZ-CZL,,ChIJqxb2v-hhW48R4_W_oO2Nof0,2021-01-24,-55,,,,-39,
BZ,Belize,Corozal District,,,BZ-CZL,,ChIJqxb2v-hhW48R4_W_oO2Nof0,2021-01-25,-32,,,,-34,
BZ,Belize,Corozal District,,,BZ-CZL,,ChIJqxb2v-hhW48R4_W_oO2Nof0,2021-01-26,-41,,,,-42,
BZ,Belize,Corozal District,,,BZ-CZL,,ChIJqxb2v-hhW48R4_W_oO2Nof0,2021-01-27,-39,,,,-36,
BZ,Belize,Corozal District,,,BZ-CZL,,ChIJqxb2v-hhW48R4_W_oO2Nof0,2021-01-28,-35,,,,-39,
BZ,Belize,Corozal District,,,BZ-CZL,,ChIJqxb2v-hhW48R4_W_oO2Nof0,2021-01-29,-44,,,,-40,
BZ,Belize,Corozal District,,,BZ-CZL,,ChIJqxb2v-hhW48R4_W_oO2Nof0,2021-01-30,-45,,,,-33,
BZ,Belize,Corozal District,,,BZ-CZL,,ChIJqxb2v-hhW48R4_W_oO2Nof0,2021-01-31,-52,,,,-39,
BZ,Belize,Corozal District,,,BZ-CZL,,ChIJqxb2v-hhW48R4_W_oO2Nof0,2021-02-01,-14,,,,-32,
BZ,Belize,Corozal District,,,BZ-CZL,,ChIJqxb2v-hhW48R4_W_oO2Nof0,2021-02-02,-32,,,,-38,
BZ,Belize,Corozal District,,,BZ-CZL,,ChIJqxb2v-hhW48R4_W_oO2Nof0,2021-02-03,-30,,,,-36,
BZ,Belize,Corozal District,,,BZ-CZL,,ChIJqxb2v-hhW48R4_W_oO2Nof0,2021-02-04,-30,,,,-38,
BZ,Belize,Corozal District,,,BZ-CZL,,ChIJqxb2v-hhW48R4_W_oO2Nof0,2021-02-05,-32,,,,-33,
BZ,Belize,Corozal District,,,BZ-CZL,,ChIJqxb2v-hhW48R4_W_oO2Nof0,2021-02-06,-40,,,,-30,
BZ,Belize,Corozal District,,,BZ-CZL,,ChIJqxb2v-hhW48R4_W_oO2Nof0,2021-02-07,-46,,,,-30,
BZ,Belize,Corozal District,,,BZ-CZL,,ChIJqxb2v-hhW48R4_W_oO2Nof0,2021-02-08,-20,,,,-30,
BZ,Belize,Corozal District,,,BZ-CZL,,ChIJqxb2v-hhW48R4_W_oO2Nof0,2021-02-09,-31,,,,-38,
BZ,Belize,Corozal District,,,BZ-CZL,,ChIJqxb2v-hhW48R4_W_oO2Nof0,2021-02-10,-29,,,,-35,
BZ,Belize,Corozal District,,,BZ-CZL,,ChIJqxb2v-hhW48R4_W_oO2Nof0,2021-02-11,-27,,,,-37,
BZ,Belize,Corozal District,,,BZ-CZL,,ChIJqxb2v-hhW48R4_W_oO2Nof0,2021-02-12,-26,,,,-32,
BZ,Belize,Corozal District,,,BZ-CZL,,ChIJqxb2v-hhW48R4_W_oO2Nof0,2021-02-13,-27,,,,-30,
BZ,Belize,Corozal District,,,BZ-CZL,,ChIJqxb2v-hhW48R4_W_oO2Nof0,2021-02-14,-28,,,,-32,
BZ,Belize,Corozal District,,,BZ-CZL,,ChIJqxb2v-hhW48R4_W_oO2Nof0,2021-02-15,-19,,,,-33,
BZ,Belize,Corozal District,,,BZ-CZL,,ChIJqxb2v-hhW48R4_W_oO2Nof0,2021-02-16,-26,,,,-39,
BZ,Belize,Corozal District,,,BZ-CZL,,ChIJqxb2v-hhW48R4_W_oO2Nof0,2021-02-17,-26,,,,-37,
BZ,Belize,Corozal District,,,BZ-CZL,,ChIJqxb2v-hhW48R4_W_oO2Nof0,2021-02-18,-29,,,,-38,
BZ,Belize,Corozal District,,,BZ-CZL,,ChIJqxb2v-hhW48R4_W_oO2Nof0,2021-02-19,-34,,,,-36,
BZ,Belize,Corozal District,,,BZ-CZL,,ChIJqxb2v-hhW48R4_W_oO2Nof0,2021-02-20,-39,,,,-30,
BZ,Belize,Corozal District,,,BZ-CZL,,ChIJqxb2v-hhW48R4_W_oO2Nof0,2021-02-21,-43,,,,-33,
BZ,Belize,Corozal District,,,BZ-CZL,,ChIJqxb2v-hhW48R4_W_oO2Nof0,2021-02-22,-25,,,,-32,
BZ,Belize,Corozal District,,,BZ-CZL,,ChIJqxb2v-hhW48R4_W_oO2Nof0,2021-02-23,-32,,,,-39,
BZ,Belize,Corozal District,,,BZ-CZL,,ChIJqxb2v-hhW48R4_W_oO2Nof0,2021-02-24,-27,,,,-36,
BZ,Belize,Corozal District,,,BZ-CZL,,ChIJqxb2v-hhW48R4_W_oO2Nof0,2021-02-25,-28,,,,-37,
BZ,Belize,Corozal District,,,BZ-CZL,,ChIJqxb2v-hhW48R4_W_oO2Nof0,2021-02-26,-22,,,,-31,
BZ,Belize,Corozal District,,,BZ-CZL,,ChIJqxb2v-hhW48R4_W_oO2Nof0,2021-02-27,-25,,,,-30,
BZ,Belize,Corozal District,,,BZ-CZL,,ChIJqxb2v-hhW48R4_W_oO2Nof0,2021-02-28,-34,,,,-33,
BZ,Belize,Corozal District,,,BZ-CZL,,ChIJqxb2v-hhW48R4_W_oO2Nof0,2021-03-01,-17,,,,-32,
BZ,Belize,Corozal District,,,BZ-CZL,,ChIJqxb2v-hhW48R4_W_oO2Nof0,2021-03-02,-19,,,,-37,
BZ,Belize,Corozal District,,,BZ-CZL,,ChIJqxb2v-hhW48R4_W_oO2Nof0,2021-03-03,-16,,,,-38,
BZ,Belize,Corozal District,,,BZ-CZL,,ChIJqxb2v-hhW48R4_W_oO2Nof0,2021-03-04,-18,,,,-38,
BZ,Belize,Corozal District,,,BZ-CZL,,ChIJqxb2v-hhW48R4_W_oO2Nof0,2021-03-05,-26,,,,-35,
BZ,Belize,Corozal District,,,BZ-CZL,,ChIJqxb2v-hhW48R4_W_oO2Nof0,2021-03-06,-25,,,,-31,
BZ,Belize,Corozal District,,,BZ-CZL,,ChIJqxb2v-hhW48R4_W_oO2Nof0,2021-03-07,-29,,,,-29,
BZ,Belize,Corozal District,,,BZ-CZL,,ChIJqxb2v-hhW48R4_W_oO2Nof0,2021-03-08,-22,,,,-61,
BZ,Belize,Corozal District,,,BZ-CZL,,ChIJqxb2v-hhW48R4_W_oO2Nof0,2021-03-09,-29,,,,-35,
BZ,Belize,Corozal District,,,BZ-CZL,,ChIJqxb2v-hhW48R4_W_oO2Nof0,2021-03-10,-30,,,,-37,
BZ,Belize,Corozal District,,,BZ-CZL,,ChIJqxb2v-hhW48R4_W_oO2Nof0,2021-03-11,-21,,,,-37,
BZ,Belize,Corozal District,,,BZ-CZL,,ChIJqxb2v-hhW48R4_W_oO2Nof0,2021-03-12,-22,,,,-31,
BZ,Belize,Corozal District,,,BZ-CZL,,ChIJqxb2v-hhW48R4_W_oO2Nof0,2021-03-13,-25,,,,-24,
BZ,Belize,Corozal District,,,BZ-CZL,,ChIJqxb2v-hhW48R4_W_oO2Nof0,2021-03-14,-27,,,,-27,
BZ,Belize,Corozal District,,,BZ-CZL,,ChIJqxb2v-hhW48R4_W_oO2Nof0,2021-03-15,,,,,-27,
BZ,Belize,Corozal District,,,BZ-CZL,,ChIJqxb2v-hhW48R4_W_oO2Nof0,2021-03-16,-18,,,,-36,
BZ,Belize,Corozal District,,,BZ-CZL,,ChIJqxb2v-hhW48R4_W_oO2Nof0,2021-03-17,-15,,,,-34,
BZ,Belize,Corozal District,,,BZ-CZL,,ChIJqxb2v-hhW48R4_W_oO2Nof0,2021-03-18,-13,,,,-33,
BZ,Belize,Corozal District,,,BZ-CZL,,ChIJqxb2v-hhW48R4_W_oO2Nof0,2021-03-19,-19,,,,-32,
BZ,Belize,Corozal District,,,BZ-CZL,,ChIJqxb2v-hhW48R4_W_oO2Nof0,2021-03-20,-21,,,,-25,
BZ,Belize,Corozal District,,,BZ-CZL,,ChIJqxb2v-hhW48R4_W_oO2Nof0,2021-03-21,-30,,,,-28,
BZ,Belize,Corozal District,,,BZ-CZL,,ChIJqxb2v-hhW48R4_W_oO2Nof0,2021-03-22,,,,,-30,
BZ,Belize,Corozal District,,,BZ-CZL,,ChIJqxb2v-hhW48R4_W_oO2Nof0,2021-03-23,-18,,,,-34,
BZ,Belize,Corozal District,,,BZ-CZL,,ChIJqxb2v-hhW48R4_W_oO2Nof0,2021-03-24,-17,,,,-32,
BZ,Belize,Corozal District,,,BZ-CZL,,ChIJqxb2v-hhW48R4_W_oO2Nof0,2021-03-25,-14,,,,-30,
BZ,Belize,Corozal District,,,BZ-CZL,,ChIJqxb2v-hhW48R4_W_oO2Nof0,2021-03-26,-10,,,,-29,
BZ,Belize,Corozal District,,,BZ-CZL,,ChIJqxb2v-hhW48R4_W_oO2Nof0,2021-03-27,-15,,,,-25,
BZ,Belize,Corozal District,,,BZ-CZL,,ChIJqxb2v-hhW48R4_W_oO2Nof0,2021-03-28,-21,,,,-22,
BZ,Belize,Corozal District,,,BZ-CZL,,ChIJqxb2v-hhW48R4_W_oO2Nof0,2021-03-29,,,,,-28,
BZ,Belize,Corozal District,,,BZ-CZL,,ChIJqxb2v-hhW48R4_W_oO2Nof0,2021-03-30,-7,,,,-31,
BZ,Belize,Corozal District,,,BZ-CZL,,ChIJqxb2v-hhW48R4_W_oO2Nof0,2021-03-31,1,,,,-33,
BZ,Belize,Corozal District,,,BZ-CZL,,ChIJqxb2v-hhW48R4_W_oO2Nof0,2021-04-01,16,,,,-32,
BZ,Belize,Corozal District,,,BZ-CZL,,ChIJqxb2v-hhW48R4_W_oO2Nof0,2021-04-02,-53,,,,-69,
BZ,Belize,Corozal District,,,BZ-CZL,,ChIJqxb2v-hhW48R4_W_oO2Nof0,2021-04-03,-2,,,,-36,
BZ,Belize,Corozal District,,,BZ-CZL,,ChIJqxb2v-hhW48R4_W_oO2Nof0,2021-04-04,-13,,,,-26,
BZ,Belize,Corozal District,,,BZ-CZL,,ChIJqxb2v-hhW48R4_W_oO2Nof0,2021-04-05,,,,,-56,
BZ,Belize,Corozal District,,,BZ-CZL,,ChIJqxb2v-hhW48R4_W_oO2Nof0,2021-04-06,-16,,,,-37,
BZ,Belize,Corozal District,,,BZ-CZL,,ChIJqxb2v-hhW48R4_W_oO2Nof0,2021-04-07,-8,,,,-36,
BZ,Belize,Corozal District,,,BZ-CZL,,ChIJqxb2v-hhW48R4_W_oO2Nof0,2021-04-08,-6,,,,-34,
BZ,Belize,Corozal District,,,BZ-CZL,,ChIJqxb2v-hhW48R4_W_oO2Nof0,2021-04-09,-10,,,,-28,
BZ,Belize,Corozal District,,,BZ-CZL,,ChIJqxb2v-hhW48R4_W_oO2Nof0,2021-04-10,-21,,,,-24,
BZ,Belize,Corozal District,,,BZ-CZL,,ChIJqxb2v-hhW48R4_W_oO2Nof0,2021-04-11,-23,,,,-23,
BZ,Belize,Corozal District,,,BZ-CZL,,ChIJqxb2v-hhW48R4_W_oO2Nof0,2021-04-12,,,,,-24,
BZ,Belize,Corozal District,,,BZ-CZL,,ChIJqxb2v-hhW48R4_W_oO2Nof0,2021-04-13,-14,,,,-32,
BZ,Belize,Corozal District,,,BZ-CZL,,ChIJqxb2v-hhW48R4_W_oO2Nof0,2021-04-14,-9,,,,-31,
BZ,Belize,Corozal District,,,BZ-CZL,,ChIJqxb2v-hhW48R4_W_oO2Nof0,2021-04-15,-12,,,,-30,
BZ,Belize,Corozal District,,,BZ-CZL,,ChIJqxb2v-hhW48R4_W_oO2Nof0,2021-04-16,-12,,,,-26,
BZ,Belize,Corozal District,,,BZ-CZL,,ChIJqxb2v-hhW48R4_W_oO2Nof0,2021-04-17,-13,,,,-19,
BZ,Belize,Corozal District,,,BZ-CZL,,ChIJqxb2v-hhW48R4_W_oO2Nof0,2021-04-18,-18,,,,-21,
BZ,Belize,Corozal District,,,BZ-CZL,,ChIJqxb2v-hhW48R4_W_oO2Nof0,2021-04-19,,,,,-26,
BZ,Belize,Corozal District,,,BZ-CZL,,ChIJqxb2v-hhW48R4_W_oO2Nof0,2021-04-20,-13,,,,-31,
BZ,Belize,Corozal District,,,BZ-CZL,,ChIJqxb2v-hhW48R4_W_oO2Nof0,2021-04-21,-9,,,,-31,
BZ,Belize,Corozal District,,,BZ-CZL,,ChIJqxb2v-hhW48R4_W_oO2Nof0,2021-04-22,-12,,,,-31,
BZ,Belize,Corozal District,,,BZ-CZL,,ChIJqxb2v-hhW48R4_W_oO2Nof0,2021-04-23,-13,,,,-27,
BZ,Belize,Corozal District,,,BZ-CZL,,ChIJqxb2v-hhW48R4_W_oO2Nof0,2021-04-24,-16,,,,-23,
BZ,Belize,Orange Walk District,,,BZ-OW,,ChIJU3DMrirwW48Ro8kL1OKsPqE,2021-01-01,,,,,-69,
BZ,Belize,Orange Walk District,,,BZ-OW,,ChIJU3DMrirwW48Ro8kL1OKsPqE,2021-01-02,,,,,-25,
BZ,Belize,Orange Walk District,,,BZ-OW,,ChIJU3DMrirwW48Ro8kL1OKsPqE,2021-01-04,,,,,-37,
BZ,Belize,Orange Walk District,,,BZ-OW,,ChIJU3DMrirwW48Ro8kL1OKsPqE,2021-01-05,,,,,-40,
BZ,Belize,Orange Walk District,,,BZ-OW,,ChIJU3DMrirwW48Ro8kL1OKsPqE,2021-01-06,,,,,-37,
BZ,Belize,Orange Walk District,,,BZ-OW,,ChIJU3DMrirwW48Ro8kL1OKsPqE,2021-01-07,,,,,-38,
BZ,Belize,Orange Walk District,,,BZ-OW,,ChIJU3DMrirwW48Ro8kL1OKsPqE,2021-01-08,,,,,-34,
BZ,Belize,Orange Walk District,,,BZ-OW,,ChIJU3DMrirwW48Ro8kL1OKsPqE,2021-01-09,,,,,-17,
BZ,Belize,Orange Walk District,,,BZ-OW,,ChIJU3DMrirwW48Ro8kL1OKsPqE,2021-01-11,,,,,-28,
BZ,Belize,Orange Walk District,,,BZ-OW,,ChIJU3DMrirwW48Ro8kL1OKsPqE,2021-01-12,,,,,-35,
BZ,Belize,Orange Walk District,,,BZ-OW,,ChIJU3DMrirwW48Ro8kL1OKsPqE,2021-01-13,,,,,-34,
BZ,Belize,Orange Walk District,,,BZ-OW,,ChIJU3DMrirwW48Ro8kL1OKsPqE,2021-01-14,,,,,-36,
BZ,Belize,Orange Walk District,,,BZ-OW,,ChIJU3DMrirwW48Ro8kL1OKsPqE,2021-01-15,,,,,-67,
BZ,Belize,Orange Walk District,,,BZ-OW,,ChIJU3DMrirwW48Ro8kL1OKsPqE,2021-01-16,,,,,-22,
BZ,Belize,Orange Walk District,,,BZ-OW,,ChIJU3DMrirwW48Ro8kL1OKsPqE,2021-01-18,,,,,-32,
BZ,Belize,Orange Walk District,,,BZ-OW,,ChIJU3DMrirwW48Ro8kL1OKsPqE,2021-01-19,,,,,-42,
BZ,Belize,Orange Walk District,,,BZ-OW,,ChIJU3DMrirwW48Ro8kL1OKsPqE,2021-01-20,,,,,-38,
BZ,Belize,Orange Walk District,,,BZ-OW,,ChIJU3DMrirwW48Ro8kL1OKsPqE,2021-01-21,,,,,-40,
BZ,Belize,Orange Walk District,,,BZ-OW,,ChIJU3DMrirwW48Ro8kL1OKsPqE,2021-01-22,,,,,-34,
BZ,Belize,Orange Walk District,,,BZ-OW,,ChIJU3DMrirwW48Ro8kL1OKsPqE,2021-01-23,,,,,-17,
BZ,Belize,Orange Walk District,,,BZ-OW,,ChIJU3DMrirwW48Ro8kL1OKsPqE,2021-01-25,,,,,-29,
BZ,Belize,Orange Walk District,,,BZ-OW,,ChIJU3DMrirwW48Ro8kL1OKsPqE,2021-01-26,,,,,-39,
BZ,Belize,Orange Walk District,,,BZ-OW,,ChIJU3DMrirwW48Ro8kL1OKsPqE,2021-01-27,,,,,-34,
BZ,Belize,Orange Walk District,,,BZ-OW,,ChIJU3DMrirwW48Ro8kL1OKsPqE,2021-01-28,,,,,-35,
BZ,Belize,Orange Walk District,,,BZ-OW,,ChIJU3DMrirwW48Ro8kL1OKsPqE,2021-01-29,,,,,-34,
BZ,Belize,Orange Walk District,,,BZ-OW,,ChIJU3DMrirwW48Ro8kL1OKsPqE,2021-01-30,,,,,-15,
BZ,Belize,Orange Walk District,,,BZ-OW,,ChIJU3DMrirwW48Ro8kL1OKsPqE,2021-02-01,,,,,-27,
BZ,Belize,Orange Walk District,,,BZ-OW,,ChIJU3DMrirwW48Ro8kL1OKsPqE,2021-02-02,,,,,-36,
BZ,Belize,Orange Walk District,,,BZ-OW,,ChIJU3DMrirwW48Ro8kL1OKsPqE,2021-02-03,,,,,-32,
BZ,Belize,Orange Walk District,,,BZ-OW,,ChIJU3DMrirwW48Ro8kL1OKsPqE,2021-02-04,,,,,-38,
BZ,Belize,Orange Walk District,,,BZ-OW,,ChIJU3DMrirwW48Ro8kL1OKsPqE,2021-02-05,,,,,-32,
BZ,Belize,Orange Walk District,,,BZ-OW,,ChIJU3DMrirwW48Ro8kL1OKsPqE,2021-02-06,,,,,-15,
BZ,Belize,Orange Walk District,,,BZ-OW,,ChIJU3DMrirwW48Ro8kL1OKsPqE,2021-02-08,,,,,-30,
BZ,Belize,Orange Walk District,,,BZ-OW,,ChIJU3DMrirwW48Ro8kL1OKsPqE,2021-02-09,,,,,-36,
BZ,Belize,Orange Walk District,,,BZ-OW,,ChIJU3DMrirwW48Ro8kL1OKsPqE,2021-02-10,,,,,-32,
BZ,Belize,Orange Walk District,,,BZ-OW,,ChIJU3DMrirwW48Ro8kL1OKsPqE,2021-02-11,,,,,-37,
BZ,Belize,Orange Walk District,,,BZ-OW,,ChIJU3DMrirwW48Ro8kL1OKsPqE,2021-02-12,,,,,-33,
BZ,Belize,Orange Walk District,,,BZ-OW,,ChIJU3DMrirwW48Ro8kL1OKsPqE,2021-02-13,,,,,-17,
BZ,Belize,Orange Walk District,,,BZ-OW,,ChIJU3DMrirwW48Ro8kL1OKsPqE,2021-02-15,,,,,-34,
BZ,Belize,Orange Walk District,,,BZ-OW,,ChIJU3DMrirwW48Ro8kL1OKsPqE,2021-02-16,,,,,-38,
BZ,Belize,Orange Walk District,,,BZ-OW,,ChIJU3DMrirwW48Ro8kL1OKsPqE,2021-02-17,,,,,-35,
BZ,Belize,Orange Walk District,,,BZ-OW,,ChIJU3DMrirwW48Ro8kL1OKsPqE,2021-02-18,,,,,-39,
BZ,Belize,Orange Walk District,,,BZ-OW,,ChIJU3DMrirwW48Ro8kL1OKsPqE,2021-02-19,,,,,-34,
BZ,Belize,Orange Walk District,,,BZ-OW,,ChIJU3DMrirwW48Ro8kL1OKsPqE,2021-02-20,,,,,-18,
BZ,Belize,Orange Walk District,,,BZ-OW,,ChIJU3DMrirwW48Ro8kL1OKsPqE,2021-02-22,,,,,-32,
BZ,Belize,Orange Walk District,,,BZ-OW,,ChIJU3DMrirwW48Ro8kL1OKsPqE,2021-02-23,,,,,-39,
BZ,Belize,Orange Walk District,,,BZ-OW,,ChIJU3DMrirwW48Ro8kL1OKsPqE,2021-02-24,,,,,-34,
BZ,Belize,Orange Walk District,,,BZ-OW,,ChIJU3DMrirwW48Ro8kL1OKsPqE,2021-02-25,,,,,-38,
BZ,Belize,Orange Walk District,,,BZ-OW,,ChIJU3DMrirwW48Ro8kL1OKsPqE,2021-02-26,,,,,-31,
BZ,Belize,Orange Walk District,,,BZ-OW,,ChIJU3DMrirwW48Ro8kL1OKsPqE,2021-02-27,,,,,-15,
BZ,Belize,Orange Walk District,,,BZ-OW,,ChIJU3DMrirwW48Ro8kL1OKsPqE,2021-03-01,,,,,-29,
BZ,Belize,Orange Walk District,,,BZ-OW,,ChIJU3DMrirwW48Ro8kL1OKsPqE,2021-03-02,,,,,-37,
BZ,Belize,Orange Walk District,,,BZ-OW,,ChIJU3DMrirwW48Ro8kL1OKsPqE,2021-03-03,,,,,-37,
BZ,Belize,Orange Walk District,,,BZ-OW,,ChIJU3DMrirwW48Ro8kL1OKsPqE,2021-03-04,,,,,-38,
BZ,Belize,Orange Walk District,,,BZ-OW,,ChIJU3DMrirwW48Ro8kL1OKsPqE,2021-03-05,,,,,-34,
BZ,Belize,Orange Walk District,,,BZ-OW,,ChIJU3DMrirwW48Ro8kL1OKsPqE,2021-03-06,,,,,-15,
BZ,Belize,Orange Walk District,,,BZ-OW,,ChIJU3DMrirwW48Ro8kL1OKsPqE,2021-03-08,,,,,-71,
BZ,Belize,Orange Walk District,,,BZ-OW,,ChIJU3DMrirwW48Ro8kL1OKsPqE,2021-03-09,,,,,-29,
BZ,Belize,Orange Walk District,,,BZ-OW,,ChIJU3DMrirwW48Ro8kL1OKsPqE,2021-03-10,,,,,-32,
BZ,Belize,Orange Walk District,,,BZ-OW,,ChIJU3DMrirwW48Ro8kL1OKsPqE,2021-03-11,,,,,-36,
BZ,Belize,Orange Walk District,,,BZ-OW,,ChIJU3DMrirwW48Ro8kL1OKsPqE,2021-03-12,,,,,-32,
BZ,Belize,Orange Walk District,,,BZ-OW,,ChIJU3DMrirwW48Ro8kL1OKsPqE,2021-03-13,,,,,-14,
BZ,Belize,Orange Walk District,,,BZ-OW,,ChIJU3DMrirwW48Ro8kL1OKsPqE,2021-03-15,,,,,-28,
BZ,Belize,Orange Walk District,,,BZ-OW,,ChIJU3DMrirwW48Ro8kL1OKsPqE,2021-03-16,,,,,-35,
BZ,Belize,Orange Walk District,,,BZ-OW,,ChIJU3DMrirwW48Ro8kL1OKsPqE,2021-03-17,,,,,-30,
BZ,Belize,Orange Walk District,,,BZ-OW,,ChIJU3DMrirwW48Ro8kL1OKsPqE,2021-03-18,,,,,-35,
BZ,Belize,Orange Walk District,,,BZ-OW,,ChIJU3DMrirwW48Ro8kL1OKsPqE,2021-03-19,,,,,-31,
BZ,Belize,Orange Walk District,,,BZ-OW,,ChIJU3DMrirwW48Ro8kL1OKsPqE,2021-03-20,,,,,-11,
BZ,Belize,Orange Walk District,,,BZ-OW,,ChIJU3DMrirwW48Ro8kL1OKsPqE,2021-03-22,,,,,-31,
BZ,Belize,Orange Walk District,,,BZ-OW,,ChIJU3DMrirwW48Ro8kL1OKsPqE,2021-03-23,,,,,-34,
BZ,Belize,Orange Walk District,,,BZ-OW,,ChIJU3DMrirwW48Ro8kL1OKsPqE,2021-03-24,,,,,-26,
BZ,Belize,Orange Walk District,,,BZ-OW,,ChIJU3DMrirwW48Ro8kL1OKsPqE,2021-03-25,,,,,-33,
BZ,Belize,Orange Walk District,,,BZ-OW,,ChIJU3DMrirwW48Ro8kL1OKsPqE,2021-03-26,,,,,-24,
BZ,Belize,Orange Walk District,,,BZ-OW,,ChIJU3DMrirwW48Ro8kL1OKsPqE,2021-03-27,,,,,-11,
BZ,Belize,Orange Walk District,,,BZ-OW,,ChIJU3DMrirwW48Ro8kL1OKsPqE,2021-03-29,,,,,-31,
BZ,Belize,Orange Walk District,,,BZ-OW,,ChIJU3DMrirwW48Ro8kL1OKsPqE,2021-03-30,,,,,-34,
BZ,Belize,Orange Walk District,,,BZ-OW,,ChIJU3DMrirwW48Ro8kL1OKsPqE,2021-03-31,,,,,-33,
BZ,Belize,Orange Walk District,,,BZ-OW,,ChIJU3DMrirwW48Ro8kL1OKsPqE,2021-04-01,,,,,-36,
BZ,Belize,Orange Walk District,,,BZ-OW,,ChIJU3DMrirwW48Ro8kL1OKsPqE,2021-04-02,,,,,-79,
BZ,Belize,Orange Walk District,,,BZ-OW,,ChIJU3DMrirwW48Ro8kL1OKsPqE,2021-04-03,,,,,-43,
BZ,Belize,Orange Walk District,,,BZ-OW,,ChIJU3DMrirwW48Ro8kL1OKsPqE,2021-04-05,,,,,-75,
BZ,Belize,Orange Walk District,,,BZ-OW,,ChIJU3DMrirwW48Ro8kL1OKsPqE,2021-04-06,,,,,-34,
BZ,Belize,Orange Walk District,,,BZ-OW,,ChIJU3DMrirwW48Ro8kL1OKsPqE,2021-04-07,,,,,-33,
BZ,Belize,Orange Walk District,,,BZ-OW,,ChIJU3DMrirwW48Ro8kL1OKsPqE,2021-04-08,,,,,-34,
BZ,Belize,Orange Walk District,,,BZ-OW,,ChIJU3DMrirwW48Ro8kL1OKsPqE,2021-04-09,,,,,-35,
BZ,Belize,Orange Walk District,,,BZ-OW,,ChIJU3DMrirwW48Ro8kL1OKsPqE,2021-04-10,,,,,-9,
BZ,Belize,Orange Walk District,,,BZ-OW,,ChIJU3DMrirwW48Ro8kL1OKsPqE,2021-04-12,,,,,-29,
BZ,Belize,Orange Walk District,,,BZ-OW,,ChIJU3DMrirwW48Ro8kL1OKsPqE,2021-04-13,,,,,-31,
BZ,Belize,Orange Walk District,,,BZ-OW,,ChIJU3DMrirwW48Ro8kL1OKsPqE,2021-04-14,,,,,-32,
BZ,Belize,Orange Walk District,,,BZ-OW,,ChIJU3DMrirwW48Ro8kL1OKsPqE,2021-04-15,,,,,-32,
BZ,Belize,Orange Walk District,,,BZ-OW,,ChIJU3DMrirwW48Ro8kL1OKsPqE,2021-04-16,,,,,-27,
BZ,Belize,Orange Walk District,,,BZ-OW,,ChIJU3DMrirwW48Ro8kL1OKsPqE,2021-04-17,,,,,-8,
BZ,Belize,Orange Walk District,,,BZ-OW,,ChIJU3DMrirwW48Ro8kL1OKsPqE,2021-04-19,,,,,-27,
BZ,Belize,Orange Walk District,,,BZ-OW,,ChIJU3DMrirwW48Ro8kL1OKsPqE,2021-04-20,,,,,-31,
BZ,Belize,Orange Walk District,,,BZ-OW,,ChIJU3DMrirwW48Ro8kL1OKsPqE,2021-04-21,,,,,-29,
BZ,Belize,Orange Walk District,,,BZ-OW,,ChIJU3DMrirwW48Ro8kL1OKsPqE,2021-04-22,,,,,-29,
BZ,Belize,Orange Walk District,,,BZ-OW,,ChIJU3DMrirwW48Ro8kL1OKsPqE,2021-04-23,,,,,-24,
BZ,Belize,Orange Walk District,,,BZ-OW,,ChIJU3DMrirwW48Ro8kL1OKsPqE,2021-04-24,,,,,-8,
BZ,Belize,Stann Creek District,,,BZ-SC,,ChIJ5YuYFpkPXY8RLagQHLzNVA4,2021-01-01,,,,-75,-66,
BZ,Belize,Stann Creek District,,,BZ-SC,,ChIJ5YuYFpkPXY8RLagQHLzNVA4,2021-01-02,,,,,-31,
BZ,Belize,Stann Creek District,,,BZ-SC,,ChIJ5YuYFpkPXY8RLagQHLzNVA4,2021-01-04,,,,,-37,
BZ,Belize,Stann Creek District,,,BZ-SC,,ChIJ5YuYFpkPXY8RLagQHLzNVA4,2021-01-05,,,,,-40,
BZ,Belize,Stann Creek District,,,BZ-SC,,ChIJ5YuYFpkPXY8RLagQHLzNVA4,2021-01-06,,,,,-32,
BZ,Belize,Stann Creek District,,,BZ-SC,,ChIJ5YuYFpkPXY8RLagQHLzNVA4,2021-01-07,,,,,-37,
BZ,Belize,Stann Creek District,,,BZ-SC,,ChIJ5YuYFpkPXY8RLagQHLzNVA4,2021-01-08,,,,,-34,
BZ,Belize,Stann Creek District,,,BZ-SC,,ChIJ5YuYFpkPXY8RLagQHLzNVA4,2021-01-11,,,,,-32,
BZ,Belize,Stann Creek District,,,BZ-SC,,ChIJ5YuYFpkPXY8RLagQHLzNVA4,2021-01-12,,,,,-40,
BZ,Belize,Stann Creek District,,,BZ-SC,,ChIJ5YuYFpkPXY8RLagQHLzNVA4,2021-01-13,,,,,-35,
BZ,Belize,Stann Creek District,,,BZ-SC,,ChIJ5YuYFpkPXY8RLagQHLzNVA4,2021-01-14,,,,,-38,
BZ,Belize,Stann Creek District,,,BZ-SC,,ChIJ5YuYFpkPXY8RLagQHLzNVA4,2021-01-15,,,,,-63,
BZ,Belize,Stann Creek District,,,BZ-SC,,ChIJ5YuYFpkPXY8RLagQHLzNVA4,2021-01-16,,,,,-31,
BZ,Belize,Stann Creek District,,,BZ-SC,,ChIJ5YuYFpkPXY8RLagQHLzNVA4,2021-01-18,,,,,-35,
BZ,Belize,Stann Creek District,,,BZ-SC,,ChIJ5YuYFpkPXY8RLagQHLzNVA4,2021-01-19,,,,,-42,
BZ,Belize,Stann Creek District,,,BZ-SC,,ChIJ5YuYFpkPXY8RLagQHLzNVA4,2021-01-20,,,,,-37,
BZ,Belize,Stann Creek District,,,BZ-SC,,ChIJ5YuYFpkPXY8RLagQHLzNVA4,2021-01-21,,,,,-46,
BZ,Belize,Stann Creek District,,,BZ-SC,,ChIJ5YuYFpkPXY8RLagQHLzNVA4,2021-01-22,,,,,-33,
BZ,Belize,Stann Creek District,,,BZ-SC,,ChIJ5YuYFpkPXY8RLagQHLzNVA4,2021-01-23,,,,,-23,
BZ,Belize,Stann Creek District,,,BZ-SC,,ChIJ5YuYFpkPXY8RLagQHLzNVA4,2021-01-25,,,,,-35,
BZ,Belize,Stann Creek District,,,BZ-SC,,ChIJ5YuYFpkPXY8RLagQHLzNVA4,2021-01-26,,,,,-42,
BZ,Belize,Stann Creek District,,,BZ-SC,,ChIJ5YuYFpkPXY8RLagQHLzNVA4,2021-01-27,,,,,-36,
BZ,Belize,Stann Creek District,,,BZ-SC,,ChIJ5YuYFpkPXY8RLagQHLzNVA4,2021-01-28,,,,,-41,
BZ,Belize,Stann Creek District,,,BZ-SC,,ChIJ5YuYFpkPXY8RLagQHLzNVA4,2021-01-29,,,,,-36,
BZ,Belize,Stann Creek District,,,BZ-SC,,ChIJ5YuYFpkPXY8RLagQHLzNVA4,2021-02-01,,,,,-34,
BZ,Belize,Stann Creek District,,,BZ-SC,,ChIJ5YuYFpkPXY8RLagQHLzNVA4,2021-02-02,,,,,-43,
BZ,Belize,Stann Creek District,,,BZ-SC,,ChIJ5YuYFpkPXY8RLagQHLzNVA4,2021-02-03,,,,,-41,
BZ,Belize,Stann Creek District,,,BZ-SC,,ChIJ5YuYFpkPXY8RLagQHLzNVA4,2021-02-04,,,,,-37,
BZ,Belize,Stann Creek District,,,BZ-SC,,ChIJ5YuYFpkPXY8RLagQHLzNVA4,2021-02-05,,,,,-39,
BZ,Belize,Stann Creek District,,,BZ-SC,,ChIJ5YuYFpkPXY8RLagQHLzNVA4,2021-02-08,,,,,-37,
BZ,Belize,Stann Creek District,,,BZ-SC,,ChIJ5YuYFpkPXY8RLagQHLzNVA4,2021-02-09,,,,,-41,
BZ,Belize,Stann Creek District,,,BZ-SC,,ChIJ5YuYFpkPXY8RLagQHLzNVA4,2021-02-10,,,,,-39,
BZ,Belize,Stann Creek District,,,BZ-SC,,ChIJ5YuYFpkPXY8RLagQHLzNVA4,2021-02-11,,,,,-35,
BZ,Belize,Stann Creek District,,,BZ-SC,,ChIJ5YuYFpkPXY8RLagQHLzNVA4,2021-02-12,,,,,-40,
BZ,Belize,Stann Creek District,,,BZ-SC,,ChIJ5YuYFpkPXY8RLagQHLzNVA4,2021-02-13,,,,,-23,
BZ,Belize,Stann Creek District,,,BZ-SC,,ChIJ5YuYFpkPXY8RLagQHLzNVA4,2021-02-15,,,,,-39,
BZ,Belize,Stann Creek District,,,BZ-SC,,ChIJ5YuYFpkPXY8RLagQHLzNVA4,2021-02-16,,,,,-43,
BZ,Belize,Stann Creek District,,,BZ-SC,,ChIJ5YuYFpkPXY8RLagQHLzNVA4,2021-02-17,,,,,-41,
BZ,Belize,Stann Creek District,,,BZ-SC,,ChIJ5YuYFpkPXY8RLagQHLzNVA4,2021-02-18,,,,,-39,
BZ,Belize,Stann Creek District,,,BZ-SC,,ChIJ5YuYFpkPXY8RLagQHLzNVA4,2021-02-19,,,,,-37,
BZ,Belize,Stann Creek District,,,BZ-SC,,ChIJ5YuYFpkPXY8RLagQHLzNVA4,2021-02-20,,,,,-25,
BZ,Belize,Stann Creek District,,,BZ-SC,,ChIJ5YuYFpkPXY8RLagQHLzNVA4,2021-02-22,,,,,-34,
BZ,Belize,Stann Creek District,,,BZ-SC,,ChIJ5YuYFpkPXY8RLagQHLzNVA4,2021-02-23,,,,,-42,
BZ,Belize,Stann Creek District,,,BZ-SC,,ChIJ5YuYFpkPXY8RLagQHLzNVA4,2021-02-24,,,,,-37,
BZ,Belize,Stann Creek District,,,BZ-SC,,ChIJ5YuYFpkPXY8RLagQHLzNVA4,2021-02-25,,,,,-40,
BZ,Belize,Stann Creek District,,,BZ-SC,,ChIJ5YuYFpkPXY8RLagQHLzNVA4,2021-02-26,,,,,-35,
BZ,Belize,Stann Creek District,,,BZ-SC,,ChIJ5YuYFpkPXY8RLagQHLzNVA4,2021-02-27,,,,,-24,
BZ,Belize,Stann Creek District,,,BZ-SC,,ChIJ5YuYFpkPXY8RLagQHLzNVA4,2021-03-01,,,,,-36,
BZ,Belize,Stann Creek District,,,BZ-SC,,ChIJ5YuYFpkPXY8RLagQHLzNVA4,2021-03-02,,,,,-41,
BZ,Belize,Stann Creek District,,,BZ-SC,,ChIJ5YuYFpkPXY8RLagQHLzNVA4,2021-03-03,,,,,-44,
BZ,Belize,Stann Creek District,,,BZ-SC,,ChIJ5YuYFpkPXY8RLagQHLzNVA4,2021-03-04,,,,,-39,
BZ,Belize,Stann Creek District,,,BZ-SC,,ChIJ5YuYFpkPXY8RLagQHLzNVA4,2021-03-05,,,,,-38,
BZ,Belize,Stann Creek District,,,BZ-SC,,ChIJ5YuYFpkPXY8RLagQHLzNVA4,2021-03-06,,,,,-21,
BZ,Belize,Stann Creek District,,,BZ-SC,,ChIJ5YuYFpkPXY8RLagQHLzNVA4,2021-03-08,,,,,-67,
BZ,Belize,Stann Creek District,,,BZ-SC,,ChIJ5YuYFpkPXY8RLagQHLzNVA4,2021-03-09,,,,,-38,
BZ,Belize,Stann Creek District,,,BZ-SC,,ChIJ5YuYFpkPXY8RLagQHLzNVA4,2021-03-10,,,,,-41,
BZ,Belize,Stann Creek District,,,BZ-SC,,ChIJ5YuYFpkPXY8RLagQHLzNVA4,2021-03-11,,,,,-43,
BZ,Belize,Stann Creek District,,,BZ-SC,,ChIJ5YuYFpkPXY8RLagQHLzNVA4,2021-03-12,,,,,-37,
BZ,Belize,Stann Creek District,,,BZ-SC,,ChIJ5YuYFpkPXY8RLagQHLzNVA4,2021-03-13,,,,,-24,
BZ,Belize,Stann Creek District,,,BZ-SC,,ChIJ5YuYFpkPXY8RLagQHLzNVA4,2021-03-15,,,,,-34,
BZ,Belize,Stann Creek District,,,BZ-SC,,ChIJ5YuYFpkPXY8RLagQHLzNVA4,2021-03-16,,,,,-39,
BZ,Belize,Stann Creek District,,,BZ-SC,,ChIJ5YuYFpkPXY8RLagQHLzNVA4,2021-03-17,,,,,-33,
BZ,Belize,Stann Creek District,,,BZ-SC,,ChIJ5YuYFpkPXY8RLagQHLzNVA4,2021-03-18,,,,,-36,
BZ,Belize,Stann Creek District,,,BZ-SC,,ChIJ5YuYFpkPXY8RLagQHLzNVA4,2021-03-19,,,,,-32,
BZ,Belize,Stann Creek District,,,BZ-SC,,ChIJ5YuYFpkPXY8RLagQHLzNVA4,2021-03-22,,,,,-26,
BZ,Belize,Stann Creek District,,,BZ-SC,,ChIJ5YuYFpkPXY8RLagQHLzNVA4,2021-03-23,,,,,-36,
BZ,Belize,Stann Creek District,,,BZ-SC,,ChIJ5YuYFpkPXY8RLagQHLzNVA4,2021-03-24,,,,,-31,
BZ,Belize,Stann Creek District,,,BZ-SC,,ChIJ5YuYFpkPXY8RLagQHLzNVA4,2021-03-25,,,,,-36,
BZ,Belize,Stann Creek District,,,BZ-SC,,ChIJ5YuYFpkPXY8RLagQHLzNVA4,2021-03-26,,,,,-33,
BZ,Belize,Stann Creek District,,,BZ-SC,,ChIJ5YuYFpkPXY8RLagQHLzNVA4,2021-03-27,,,,,-20,
BZ,Belize,Stann Creek District,,,BZ-SC,,ChIJ5YuYFpkPXY8RLagQHLzNVA4,2021-03-29,,,,,-34,
BZ,Belize,Stann Creek District,,,BZ-SC,,ChIJ5YuYFpkPXY8RLagQHLzNVA4,2021-03-30,,,,,-37,
BZ,Belize,Stann Creek District,,,BZ-SC,,ChIJ5YuYFpkPXY8RLagQHLzNVA4,2021-03-31,,,,,-35,
BZ,Belize,Stann Creek District,,,BZ-SC,,ChIJ5YuYFpkPXY8RLagQHLzNVA4,2021-04-01,,,,,-38,
BZ,Belize,Stann Creek District,,,BZ-SC,,ChIJ5YuYFpkPXY8RLagQHLzNVA4,2021-04-02,,,,,-69,
BZ,Belize,Stann Creek District,,,BZ-SC,,ChIJ5YuYFpkPXY8RLagQHLzNVA4,2021-04-03,,,,,-31,
BZ,Belize,Stann Creek District,,,BZ-SC,,ChIJ5YuYFpkPXY8RLagQHLzNVA4,2021-04-05,,,,,-62,
BZ,Belize,Stann Creek District,,,BZ-SC,,ChIJ5YuYFpkPXY8RLagQHLzNVA4,2021-04-06,,,,,-35,
BZ,Belize,Stann Creek District,,,BZ-SC,,ChIJ5YuYFpkPXY8RLagQHLzNVA4,2021-04-07,,,,,-36,
BZ,Belize,Stann Creek District,,,BZ-SC,,ChIJ5YuYFpkPXY8RLagQHLzNVA4,2021-04-08,,,,,-33,
BZ,Belize,Stann Creek District,,,BZ-SC,,ChIJ5YuYFpkPXY8RLagQHLzNVA4,2021-04-09,,,,,-31,
BZ,Belize,Stann Creek District,,,BZ-SC,,ChIJ5YuYFpkPXY8RLagQHLzNVA4,2021-04-12,,,,,-31,
BZ,Belize,Stann Creek District,,,BZ-SC,,ChIJ5YuYFpkPXY8RLagQHLzNVA4,2021-04-13,,,,,-38,
BZ,Belize,Stann Creek District,,,BZ-SC,,ChIJ5YuYFpkPXY8RLagQHLzNVA4,2021-04-14,,,,,-35,
BZ,Belize,Stann Creek District,,,BZ-SC,,ChIJ5YuYFpkPXY8RLagQHLzNVA4,2021-04-15,,,,,-32,
BZ,Belize,Stann Creek District,,,BZ-SC,,ChIJ5YuYFpkPXY8RLagQHLzNVA4,2021-04-16,,,,,-27,
BZ,Belize,Stann Creek District,,,BZ-SC,,ChIJ5YuYFpkPXY8RLagQHLzNVA4,2021-04-19,,,,,-30,
BZ,Belize,Stann Creek District,,,BZ-SC,,ChIJ5YuYFpkPXY8RLagQHLzNVA4,2021-04-20,,,,,-32,
BZ,Belize,Stann Creek District,,,BZ-SC,,ChIJ5YuYFpkPXY8RLagQHLzNVA4,2021-04-21,,,,,-37,
BZ,Belize,Stann Creek District,,,BZ-SC,,ChIJ5YuYFpkPXY8RLagQHLzNVA4,2021-04-22,,,,,-34,
BZ,Belize,Stann Creek District,,,BZ-SC,,ChIJ5YuYFpkPXY8RLagQHLzNVA4,2021-04-23,,,,,-32,
BZ,Belize,Stann Creek District,,,BZ-SC,,ChIJ5YuYFpkPXY8RLagQHLzNVA4,2021-04-24,,,,,-21,
