country_region_code,country_region,sub_region_1,sub_region_2,metro_area,iso_3166_2_code,census_fips_code,place_id,date,retail_and_recreation_percent_change_from_baseline,grocery_and_pharmacy_percent_change_from_baseline,parks_percent_change_from_baseline,transit_stations_percent_change_from_baseline,workplaces_percent_change_from_baseline,residential_percent_change_from_baseline
UA,Ukraine,,,,,,ChIJjw5wVMHZ0UAREED2iIQGAQA,2021-01-01,-58,-50,4,-55,-84,20
UA,Ukraine,,,,,,ChIJjw5wVMHZ0UAREED2iIQGAQA,2021-01-02,-27,-20,16,-27,-42,5
UA,Ukraine,,,,,,ChIJjw5wVMHZ0UAREED2iIQGAQA,2021-01-03,-22,-12,-4,-19,-20,2
UA,Ukraine,,,,,,ChIJjw5wVMHZ0UAREED2iIQGAQA,2021-01-04,-13,-1,-1,-18,-36,7
UA,Ukraine,,,,,,ChIJjw5wVMHZ0UAREED2iIQGAQA,2021-01-05,-11,6,-7,-16,-36,6
UA,Ukraine,,,,,,ChIJjw5wVMHZ0UAREED2iIQGAQA,2021-01-06,-14,12,10,-13,-42,4
UA,Ukraine,,,,,,ChIJjw5wVMHZ0UAREED2iIQGAQA,2021-01-07,-41,-30,0,-44,-80,14
UA,Ukraine,,,,,,ChIJjw5wVMHZ0UAREED2iIQGAQA,2021-01-08,-49,-22,-5,-41,-68,15
UA,Ukraine,,,,,,ChIJjw5wVMHZ0UAREED2iIQGAQA,2021-01-09,-48,-19,-2,-32,-35,4
UA,Ukraine,,,,,,ChIJjw5wVMHZ0UAREED2iIQGAQA,2021-01-10,-47,-16,-6,-29,-26,2
UA,Ukraine,,,,,,ChIJjw5wVMHZ0UAREED2iIQGAQA,2021-01-11,-36,-7,-6,-24,-33,7
UA,Ukraine,,,,,,ChIJjw5wVMHZ0UAREED2iIQGAQA,2021-01-12,-37,-8,-12,-26,-34,6
UA,Ukraine,,,,,,ChIJjw5wVMHZ0UAREED2iIQGAQA,2021-01-13,-38,-6,-5,-26,-36,4
UA,Ukraine,,,,,,ChIJjw5wVMHZ0UAREED2iIQGAQA,2021-01-14,-43,-16,-3,-29,-41,4
UA,Ukraine,,,,,,ChIJjw5wVMHZ0UAREED2iIQGAQA,2021-01-15,-46,-19,-21,-33,-40,6
UA,Ukraine,,,,,,ChIJjw5wVMHZ0UAREED2iIQGAQA,2021-01-16,-51,-21,-24,-34,-6,1
UA,Ukraine,,,,,,ChIJjw5wVMHZ0UAREED2iIQGAQA,2021-01-17,-56,-27,-30,-43,-35,4
UA,Ukraine,,,,,,ChIJjw5wVMHZ0UAREED2iIQGAQA,2021-01-18,-46,-20,-24,-35,-41,8
UA,Ukraine,,,,,,ChIJjw5wVMHZ0UAREED2iIQGAQA,2021-01-19,-48,-24,-16,-37,-44,8
UA,Ukraine,,,,,,ChIJjw5wVMHZ0UAREED2iIQGAQA,2021-01-20,-45,-19,-21,-34,-40,7
UA,Ukraine,,,,,,ChIJjw5wVMHZ0UAREED2iIQGAQA,2021-01-21,-41,-15,-14,-30,-39,6
UA,Ukraine,,,,,,ChIJjw5wVMHZ0UAREED2iIQGAQA,2021-01-22,-42,-12,-20,-29,-37,7
UA,Ukraine,,,,,,ChIJjw5wVMHZ0UAREED2iIQGAQA,2021-01-23,-45,-15,-14,-29,-29,2
UA,Ukraine,,,,,,ChIJjw5wVMHZ0UAREED2iIQGAQA,2021-01-24,-49,-18,-25,-33,-27,2
UA,Ukraine,,,,,,ChIJjw5wVMHZ0UAREED2iIQGAQA,2021-01-25,-17,-6,-18,-18,-22,1
UA,Ukraine,,,,,,ChIJjw5wVMHZ0UAREED2iIQGAQA,2021-01-26,-21,-8,-21,-21,-22,0
UA,Ukraine,,,,,,ChIJjw5wVMHZ0UAREED2iIQGAQA,2021-01-27,-22,-7,-18,-20,-22,1
UA,Ukraine,,,,,,ChIJjw5wVMHZ0UAREED2iIQGAQA,2021-01-28,-24,-9,-17,-20,-23,1
UA,Ukraine,,,,,,ChIJjw5wVMHZ0UAREED2iIQGAQA,2021-01-29,-23,-6,-20,-18,-22,1
UA,Ukraine,,,,,,ChIJjw5wVMHZ0UAREED2iIQGAQA,2021-01-30,-20,-6,-16,-17,-19,0
UA,Ukraine,,,,,,ChIJjw5wVMHZ0UAREED2iIQGAQA,2021-01-31,-23,-7,-19,-19,-17,0
UA,Ukraine,,,,,,ChIJjw5wVMHZ0UAREED2iIQGAQA,2021-02-01,-23,-8,-19,-18,-21,1
UA,Ukraine,,,,,,ChIJjw5wVMHZ0UAREED2iIQGAQA,2021-02-02,-21,-6,-18,-18,-20,0
UA,Ukraine,,,,,,ChIJjw5wVMHZ0UAREED2iIQGAQA,2021-02-03,-21,-6,-15,-18,-20,-1
UA,Ukraine,,,,,,ChIJjw5wVMHZ0UAREED2iIQGAQA,2021-02-04,-25,-10,-19,-20,-21,0
UA,Ukraine,,,,,,ChIJjw5wVMHZ0UAREED2iIQGAQA,2021-02-05,-23,-5,-22,-20,-21,0
UA,Ukraine,,,,,,ChIJjw5wVMHZ0UAREED2iIQGAQA,2021-02-06,-21,-6,-19,-20,-20,-1
UA,Ukraine,,,,,,ChIJjw5wVMHZ0UAREED2iIQGAQA,2021-02-07,-29,-15,-33,-27,-19,1
UA,Ukraine,,,,,,ChIJjw5wVMHZ0UAREED2iIQGAQA,2021-02-08,-29,-13,-27,-20,-23,2
UA,Ukraine,,,,,,ChIJjw5wVMHZ0UAREED2iIQGAQA,2021-02-09,-25,-8,-22,-18,-23,2
UA,Ukraine,,,,,,ChIJjw5wVMHZ0UAREED2iIQGAQA,2021-02-10,-22,-5,-18,-16,-21,1
UA,Ukraine,,,,,,ChIJjw5wVMHZ0UAREED2iIQGAQA,2021-02-11,-24,-7,-21,-17,-24,1
UA,Ukraine,,,,,,ChIJjw5wVMHZ0UAREED2iIQGAQA,2021-02-12,-31,-13,-37,-24,-29,5
UA,Ukraine,,,,,,ChIJjw5wVMHZ0UAREED2iIQGAQA,2021-02-13,-28,-12,-37,-27,-24,3
UA,Ukraine,,,,,,ChIJjw5wVMHZ0UAREED2iIQGAQA,2021-02-14,-19,-9,-30,-23,-19,2
UA,Ukraine,,,,,,ChIJjw5wVMHZ0UAREED2iIQGAQA,2021-02-15,-23,-7,-23,-18,-24,2
UA,Ukraine,,,,,,ChIJjw5wVMHZ0UAREED2iIQGAQA,2021-02-16,-23,-7,-27,-19,-23,1
UA,Ukraine,,,,,,ChIJjw5wVMHZ0UAREED2iIQGAQA,2021-02-17,-22,-4,-23,-16,-21,1
UA,Ukraine,,,,,,ChIJjw5wVMHZ0UAREED2iIQGAQA,2021-02-18,-23,-5,-23,-16,-21,1
UA,Ukraine,,,,,,ChIJjw5wVMHZ0UAREED2iIQGAQA,2021-02-19,-24,-5,-27,-17,-22,2
UA,Ukraine,,,,,,ChIJjw5wVMHZ0UAREED2iIQGAQA,2021-02-20,-20,-4,-19,-17,-17,0
UA,Ukraine,,,,,,ChIJjw5wVMHZ0UAREED2iIQGAQA,2021-02-21,-23,-7,-22,-17,-17,0
UA,Ukraine,,,,,,ChIJjw5wVMHZ0UAREED2iIQGAQA,2021-02-22,-17,0,-14,-12,-21,0
UA,Ukraine,,,,,,ChIJjw5wVMHZ0UAREED2iIQGAQA,2021-02-23,-18,-2,-21,-15,-20,0
UA,Ukraine,,,,,,ChIJjw5wVMHZ0UAREED2iIQGAQA,2021-02-24,-20,-3,-21,-15,-19,0
UA,Ukraine,,,,,,ChIJjw5wVMHZ0UAREED2iIQGAQA,2021-02-25,-17,-1,-12,-11,-19,-1
UA,Ukraine,,,,,,ChIJjw5wVMHZ0UAREED2iIQGAQA,2021-02-26,-16,2,-12,-9,-19,0
UA,Ukraine,,,,,,ChIJjw5wVMHZ0UAREED2iIQGAQA,2021-02-27,-17,-2,-20,-14,-17,-1
UA,Ukraine,,,,,,ChIJjw5wVMHZ0UAREED2iIQGAQA,2021-02-28,-19,-4,-25,-15,-15,0
UA,Ukraine,,,,,,ChIJjw5wVMHZ0UAREED2iIQGAQA,2021-03-01,-18,-2,-19,-14,-19,0
UA,Ukraine,,,,,,ChIJjw5wVMHZ0UAREED2iIQGAQA,2021-03-02,-17,-2,-21,-15,-19,0
UA,Ukraine,,,,,,ChIJjw5wVMHZ0UAREED2iIQGAQA,2021-03-03,-13,3,-10,-10,-19,-1
UA,Ukraine,,,,,,ChIJjw5wVMHZ0UAREED2iIQGAQA,2021-03-04,-12,4,-9,-8,-19,-1
UA,Ukraine,,,,,,ChIJjw5wVMHZ0UAREED2iIQGAQA,2021-03-05,-13,4,-20,-9,-19,0
UA,Ukraine,,,,,,ChIJjw5wVMHZ0UAREED2iIQGAQA,2021-03-06,-10,6,-14,-8,-17,-3
UA,Ukraine,,,,,,ChIJjw5wVMHZ0UAREED2iIQGAQA,2021-03-07,-6,7,-17,-9,-14,-2
UA,Ukraine,,,,,,ChIJjw5wVMHZ0UAREED2iIQGAQA,2021-03-08,-7,1,-6,-25,-70,9
UA,Ukraine,,,,,,ChIJjw5wVMHZ0UAREED2iIQGAQA,2021-03-09,-24,-7,-25,-19,-21,0
UA,Ukraine,,,,,,ChIJjw5wVMHZ0UAREED2iIQGAQA,2021-03-10,-19,-1,-18,-14,-20,0
UA,Ukraine,,,,,,ChIJjw5wVMHZ0UAREED2iIQGAQA,2021-03-11,-20,-2,-18,-14,-21,0
UA,Ukraine,,,,,,ChIJjw5wVMHZ0UAREED2iIQGAQA,2021-03-12,-26,-5,-31,-19,-21,2
UA,Ukraine,,,,,,ChIJjw5wVMHZ0UAREED2iIQGAQA,2021-03-13,-21,-2,-15,-16,-17,0
UA,Ukraine,,,,,,ChIJjw5wVMHZ0UAREED2iIQGAQA,2021-03-14,-23,-5,-18,-17,-16,0
UA,Ukraine,,,,,,ChIJjw5wVMHZ0UAREED2iIQGAQA,2021-03-15,-20,-1,-15,-15,-21,1
UA,Ukraine,,,,,,ChIJjw5wVMHZ0UAREED2iIQGAQA,2021-03-16,-20,-1,-19,-15,-21,1
UA,Ukraine,,,,,,ChIJjw5wVMHZ0UAREED2iIQGAQA,2021-03-17,-20,0,-18,-14,-21,1
UA,Ukraine,,,,,,ChIJjw5wVMHZ0UAREED2iIQGAQA,2021-03-18,-19,0,-17,-13,-23,1
UA,Ukraine,,,,,,ChIJjw5wVMHZ0UAREED2iIQGAQA,2021-03-19,-18,3,-19,-12,-23,2
UA,Ukraine,,,,,,ChIJjw5wVMHZ0UAREED2iIQGAQA,2021-03-20,-25,0,-13,-16,-19,0
UA,Ukraine,,,,,,ChIJjw5wVMHZ0UAREED2iIQGAQA,2021-03-21,-27,-2,-9,-16,-17,0
UA,Ukraine,,,,,,ChIJjw5wVMHZ0UAREED2iIQGAQA,2021-03-22,-23,0,-13,-17,-29,3
UA,Ukraine,,,,,,ChIJjw5wVMHZ0UAREED2iIQGAQA,2021-03-23,-26,-2,-19,-19,-30,2
UA,Ukraine,,,,,,ChIJjw5wVMHZ0UAREED2iIQGAQA,2021-03-24,-25,1,-14,-17,-30,3
UA,Ukraine,,,,,,ChIJjw5wVMHZ0UAREED2iIQGAQA,2021-03-25,-27,-2,-11,-17,-31,3
UA,Ukraine,,,,,,ChIJjw5wVMHZ0UAREED2iIQGAQA,2021-03-26,-25,2,-4,-15,-30,3
UA,Ukraine,,,,,,ChIJjw5wVMHZ0UAREED2iIQGAQA,2021-03-27,-25,0,14,-13,-20,-2
UA,Ukraine,,,,,,ChIJjw5wVMHZ0UAREED2iIQGAQA,2021-03-28,-28,-2,8,-14,-19,-2
UA,Ukraine,,,,,,ChIJjw5wVMHZ0UAREED2iIQGAQA,2021-03-29,-24,-1,-4,-18,-30,3
UA,Ukraine,,,,,,ChIJjw5wVMHZ0UAREED2iIQGAQA,2021-03-30,-22,2,2,-16,-29,1
UA,Ukraine,,,,,,ChIJjw5wVMHZ0UAREED2iIQGAQA,2021-03-31,-20,5,7,-13,-29,1
UA,Ukraine,,,,,,ChIJjw5wVMHZ0UAREED2iIQGAQA,2021-04-01,-18,6,24,-9,-29,0
UA,Ukraine,,,,,,ChIJjw5wVMHZ0UAREED2iIQGAQA,2021-04-02,-26,2,-9,-15,-29,2
UA,Ukraine,,,,,,ChIJjw5wVMHZ0UAREED2iIQGAQA,2021-04-03,-27,1,6,-15,-21,-2
UA,Ukraine,,,,,,ChIJjw5wVMHZ0UAREED2iIQGAQA,2021-04-04,-33,-5,-10,-19,-21,-1
UA,Ukraine,,,,,,ChIJjw5wVMHZ0UAREED2iIQGAQA,2021-04-05,-25,0,0,-21,-32,3
UA,Ukraine,,,,,,ChIJjw5wVMHZ0UAREED2iIQGAQA,2021-04-06,-26,0,-7,-22,-32,3
UA,Ukraine,,,,,,ChIJjw5wVMHZ0UAREED2iIQGAQA,2021-04-07,-25,2,-14,-23,-34,4
UA,Ukraine,,,,,,ChIJjw5wVMHZ0UAREED2iIQGAQA,2021-04-08,-24,3,-2,-18,-32,2
UA,Ukraine,,,,,,ChIJjw5wVMHZ0UAREED2iIQGAQA,2021-04-09,-25,4,-2,-18,-31,2
UA,Ukraine,,,,,,ChIJjw5wVMHZ0UAREED2iIQGAQA,2021-04-10,-24,4,24,-12,-20,-4
UA,Ukraine,,,,,,ChIJjw5wVMHZ0UAREED2iIQGAQA,2021-04-11,-25,4,28,-12,-19,-5
UA,Ukraine,,,,,,ChIJjw5wVMHZ0UAREED2iIQGAQA,2021-04-12,-23,1,6,-19,-31,2
UA,Ukraine,,,,,,ChIJjw5wVMHZ0UAREED2iIQGAQA,2021-04-13,-25,1,-3,-20,-31,2
UA,Ukraine,,,,,,ChIJjw5wVMHZ0UAREED2iIQGAQA,2021-04-14,-23,3,2,-17,-31,1
UA,Ukraine,,,,,,ChIJjw5wVMHZ0UAREED2iIQGAQA,2021-04-15,-25,2,-5,-18,-31,2
UA,Ukraine,,,,,,ChIJjw5wVMHZ0UAREED2iIQGAQA,2021-04-16,-28,1,-17,-20,-31,3
UA,Ukraine,,,,,,ChIJjw5wVMHZ0UAREED2iIQGAQA,2021-04-17,-27,2,3,-17,-21,-2
UA,Ukraine,,,,,,ChIJjw5wVMHZ0UAREED2iIQGAQA,2021-04-18,-27,1,10,-15,-19,-3
UA,Ukraine,,,,,,ChIJjw5wVMHZ0UAREED2iIQGAQA,2021-04-19,-21,3,8,-16,-29,1
UA,Ukraine,,,,,,ChIJjw5wVMHZ0UAREED2iIQGAQA,2021-04-20,-24,1,-7,-19,-29,2
UA,Ukraine,,,,,,ChIJjw5wVMHZ0UAREED2iIQGAQA,2021-04-21,-18,9,10,-12,-29,0
UA,Ukraine,,,,,,ChIJjw5wVMHZ0UAREED2iIQGAQA,2021-04-22,-19,7,13,-12,-28,0
UA,Ukraine,,,,,,ChIJjw5wVMHZ0UAREED2iIQGAQA,2021-04-23,-24,6,-4,-14,-28,1
UA,Ukraine,,,,,,ChIJjw5wVMHZ0UAREED2iIQGAQA,2021-04-24,-25,4,8,-13,-19,-3
UA,Ukraine,,,Kiev Metropolitan Area,,,ChIJzYwQhKf_1EAR5PjP6COXiNw,2021-01-01,-54,-49,32,-63,-88,24
UA,Ukraine,,,Kiev Metropolitan Area,,,ChIJzYwQhKf_1EAR5PjP6COXiNw,2021-01-02,-29,-25,40,-32,-40,5
UA,Ukraine,,,Kiev Metropolitan Area,,,ChIJzYwQhKf_1EAR5PjP6COXiNw,2021-01-03,-26,-18,0,-26,-14,1
UA,Ukraine,,,Kiev Metropolitan Area,,,ChIJzYwQhKf_1EAR5PjP6COXiNw,2021-01-04,-19,-9,-11,-29,-41,11
UA,Ukraine,,,Kiev Metropolitan Area,,,ChIJzYwQhKf_1EAR5PjP6COXiNw,2021-01-05,-18,-5,-24,-29,-40,10
UA,Ukraine,,,Kiev Metropolitan Area,,,ChIJzYwQhKf_1EAR5PjP6COXiNw,2021-01-06,-24,1,-14,-30,-46,9
UA,Ukraine,,,Kiev Metropolitan Area,,,ChIJzYwQhKf_1EAR5PjP6COXiNw,2021-01-07,-40,-35,-33,-58,-84,20
UA,Ukraine,,,Kiev Metropolitan Area,,,ChIJzYwQhKf_1EAR5PjP6COXiNw,2021-01-08,-56,-26,-12,-55,-73,20
UA,Ukraine,,,Kiev Metropolitan Area,,,ChIJzYwQhKf_1EAR5PjP6COXiNw,2021-01-09,-57,-23,-5,-42,-32,5
UA,Ukraine,,,Kiev Metropolitan Area,,,ChIJzYwQhKf_1EAR5PjP6COXiNw,2021-01-10,-55,-18,-9,-36,-21,2
UA,Ukraine,,,Kiev Metropolitan Area,,,ChIJzYwQhKf_1EAR5PjP6COXiNw,2021-01-11,-45,-9,-14,-33,-34,11
UA,Ukraine,,,Kiev Metropolitan Area,,,ChIJzYwQhKf_1EAR5PjP6COXiNw,2021-01-12,-46,-10,-24,-35,-35,11
UA,Ukraine,,,Kiev Metropolitan Area,,,ChIJzYwQhKf_1EAR5PjP6COXiNw,2021-01-13,-46,-8,-12,-36,-35,9
UA,Ukraine,,,Kiev Metropolitan Area,,,ChIJzYwQhKf_1EAR5PjP6COXiNw,2021-01-14,-48,-15,-3,-36,-38,8
UA,Ukraine,,,Kiev Metropolitan Area,,,ChIJzYwQhKf_1EAR5PjP6COXiNw,2021-01-15,-52,-18,-20,-40,-39,10
UA,Ukraine,,,Kiev Metropolitan Area,,,ChIJzYwQhKf_1EAR5PjP6COXiNw,2021-01-16,-58,-21,-32,-41,17,3
UA,Ukraine,,,Kiev Metropolitan Area,,,ChIJzYwQhKf_1EAR5PjP6COXiNw,2021-01-17,-60,-24,-27,-48,-28,5
UA,Ukraine,,,Kiev Metropolitan Area,,,ChIJzYwQhKf_1EAR5PjP6COXiNw,2021-01-18,-52,-20,-36,-42,-39,12
UA,Ukraine,,,Kiev Metropolitan Area,,,ChIJzYwQhKf_1EAR5PjP6COXiNw,2021-01-19,-52,-21,-24,-43,-40,12
UA,Ukraine,,,Kiev Metropolitan Area,,,ChIJzYwQhKf_1EAR5PjP6COXiNw,2021-01-20,-51,-18,-27,-41,-38,11
UA,Ukraine,,,Kiev Metropolitan Area,,,ChIJzYwQhKf_1EAR5PjP6COXiNw,2021-01-21,-46,-13,-18,-35,-37,10
UA,Ukraine,,,Kiev Metropolitan Area,,,ChIJzYwQhKf_1EAR5PjP6COXiNw,2021-01-22,-46,-11,-19,-35,-36,9
UA,Ukraine,,,Kiev Metropolitan Area,,,ChIJzYwQhKf_1EAR5PjP6COXiNw,2021-01-23,-50,-12,-4,-34,-23,3
UA,Ukraine,,,Kiev Metropolitan Area,,,ChIJzYwQhKf_1EAR5PjP6COXiNw,2021-01-24,-55,-17,-29,-38,-21,3
UA,Ukraine,,,Kiev Metropolitan Area,,,ChIJzYwQhKf_1EAR5PjP6COXiNw,2021-01-25,-20,-8,-27,-25,-23,5
UA,Ukraine,,,Kiev Metropolitan Area,,,ChIJzYwQhKf_1EAR5PjP6COXiNw,2021-01-26,-23,-9,-32,-27,-23,5
UA,Ukraine,,,Kiev Metropolitan Area,,,ChIJzYwQhKf_1EAR5PjP6COXiNw,2021-01-27,-23,-6,-14,-26,-22,4
UA,Ukraine,,,Kiev Metropolitan Area,,,ChIJzYwQhKf_1EAR5PjP6COXiNw,2021-01-28,-25,-7,-21,-25,-23,4
UA,Ukraine,,,Kiev Metropolitan Area,,,ChIJzYwQhKf_1EAR5PjP6COXiNw,2021-01-29,-23,-4,-17,-23,-23,4
UA,Ukraine,,,Kiev Metropolitan Area,,,ChIJzYwQhKf_1EAR5PjP6COXiNw,2021-01-30,-21,-4,-7,-21,-13,1
UA,Ukraine,,,Kiev Metropolitan Area,,,ChIJzYwQhKf_1EAR5PjP6COXiNw,2021-01-31,-21,-4,-2,-21,-8,0
UA,Ukraine,,,Kiev Metropolitan Area,,,ChIJzYwQhKf_1EAR5PjP6COXiNw,2021-02-01,-24,-6,-26,-23,-22,5
UA,Ukraine,,,Kiev Metropolitan Area,,,ChIJzYwQhKf_1EAR5PjP6COXiNw,2021-02-02,-23,-5,-28,-23,-22,4
UA,Ukraine,,,Kiev Metropolitan Area,,,ChIJzYwQhKf_1EAR5PjP6COXiNw,2021-02-03,-24,-6,-17,-23,-22,4
UA,Ukraine,,,Kiev Metropolitan Area,,,ChIJzYwQhKf_1EAR5PjP6COXiNw,2021-02-04,-24,-8,-28,-23,-23,4
UA,Ukraine,,,Kiev Metropolitan Area,,,ChIJzYwQhKf_1EAR5PjP6COXiNw,2021-02-05,-23,-5,-32,-27,-25,5
UA,Ukraine,,,Kiev Metropolitan Area,,,ChIJzYwQhKf_1EAR5PjP6COXiNw,2021-02-06,-21,-6,-27,-24,-13,1
UA,Ukraine,,,Kiev Metropolitan Area,,,ChIJzYwQhKf_1EAR5PjP6COXiNw,2021-02-07,-27,-12,-44,-31,-12,1
UA,Ukraine,,,Kiev Metropolitan Area,,,ChIJzYwQhKf_1EAR5PjP6COXiNw,2021-02-08,-32,-12,-35,-21,-25,6
UA,Ukraine,,,Kiev Metropolitan Area,,,ChIJzYwQhKf_1EAR5PjP6COXiNw,2021-02-09,-31,-10,-33,-22,-28,9
UA,Ukraine,,,Kiev Metropolitan Area,,,ChIJzYwQhKf_1EAR5PjP6COXiNw,2021-02-10,-29,-7,-24,-21,-26,7
UA,Ukraine,,,Kiev Metropolitan Area,,,ChIJzYwQhKf_1EAR5PjP6COXiNw,2021-02-11,-29,-8,-34,-24,-32,9
UA,Ukraine,,,Kiev Metropolitan Area,,,ChIJzYwQhKf_1EAR5PjP6COXiNw,2021-02-12,-30,-10,-41,-29,-35,11
UA,Ukraine,,,Kiev Metropolitan Area,,,ChIJzYwQhKf_1EAR5PjP6COXiNw,2021-02-13,-28,-10,-44,-29,-17,4
UA,Ukraine,,,Kiev Metropolitan Area,,,ChIJzYwQhKf_1EAR5PjP6COXiNw,2021-02-14,-17,-6,-26,-22,-11,3
UA,Ukraine,,,Kiev Metropolitan Area,,,ChIJzYwQhKf_1EAR5PjP6COXiNw,2021-02-15,-25,-5,-30,-20,-24,6
UA,Ukraine,,,Kiev Metropolitan Area,,,ChIJzYwQhKf_1EAR5PjP6COXiNw,2021-02-16,-26,-6,-36,-21,-24,6
UA,Ukraine,,,Kiev Metropolitan Area,,,ChIJzYwQhKf_1EAR5PjP6COXiNw,2021-02-17,-25,-5,-29,-21,-23,6
UA,Ukraine,,,Kiev Metropolitan Area,,,ChIJzYwQhKf_1EAR5PjP6COXiNw,2021-02-18,-25,-6,-34,-21,-23,6
UA,Ukraine,,,Kiev Metropolitan Area,,,ChIJzYwQhKf_1EAR5PjP6COXiNw,2021-02-19,-24,-4,-30,-22,-24,6
UA,Ukraine,,,Kiev Metropolitan Area,,,ChIJzYwQhKf_1EAR5PjP6COXiNw,2021-02-20,-22,-3,-26,-22,-14,2
UA,Ukraine,,,Kiev Metropolitan Area,,,ChIJzYwQhKf_1EAR5PjP6COXiNw,2021-02-21,-22,-5,-20,-18,-10,1
UA,Ukraine,,,Kiev Metropolitan Area,,,ChIJzYwQhKf_1EAR5PjP6COXiNw,2021-02-22,-19,0,-17,-15,-21,4
UA,Ukraine,,,Kiev Metropolitan Area,,,ChIJzYwQhKf_1EAR5PjP6COXiNw,2021-02-23,-22,-3,-33,-19,-21,5
UA,Ukraine,,,Kiev Metropolitan Area,,,ChIJzYwQhKf_1EAR5PjP6COXiNw,2021-02-24,-22,-2,-20,-18,-21,5
UA,Ukraine,,,Kiev Metropolitan Area,,,ChIJzYwQhKf_1EAR5PjP6COXiNw,2021-02-25,-17,0,-11,-14,-21,3
UA,Ukraine,,,Kiev Metropolitan Area,,,ChIJzYwQhKf_1EAR5PjP6COXiNw,2021-02-26,-15,3,-7,-15,-20,3
UA,Ukraine,,,Kiev Metropolitan Area,,,ChIJzYwQhKf_1EAR5PjP6COXiNw,2021-02-27,-15,-1,-24,-16,-11,0
UA,Ukraine,,,Kiev Metropolitan Area,,,ChIJzYwQhKf_1EAR5PjP6COXiNw,2021-02-28,-15,-2,-29,-16,-8,0
UA,Ukraine,,,Kiev Metropolitan Area,,,ChIJzYwQhKf_1EAR5PjP6COXiNw,2021-03-01,-19,-1,-26,-17,-20,5
UA,Ukraine,,,Kiev Metropolitan Area,,,ChIJzYwQhKf_1EAR5PjP6COXiNw,2021-03-02,-19,-2,-35,-20,-21,5
UA,Ukraine,,,Kiev Metropolitan Area,,,ChIJzYwQhKf_1EAR5PjP6COXiNw,2021-03-03,-13,4,-2,-13,-21,3
UA,Ukraine,,,Kiev Metropolitan Area,,,ChIJzYwQhKf_1EAR5PjP6COXiNw,2021-03-04,-11,5,-12,-12,-21,3
UA,Ukraine,,,Kiev Metropolitan Area,,,ChIJzYwQhKf_1EAR5PjP6COXiNw,2021-03-05,-11,5,-20,-14,-20,3
UA,Ukraine,,,Kiev Metropolitan Area,,,ChIJzYwQhKf_1EAR5PjP6COXiNw,2021-03-06,-10,4,-14,-11,-11,-2
UA,Ukraine,,,Kiev Metropolitan Area,,,ChIJzYwQhKf_1EAR5PjP6COXiNw,2021-03-07,-11,1,-34,-16,-7,-1
UA,Ukraine,,,Kiev Metropolitan Area,,,ChIJzYwQhKf_1EAR5PjP6COXiNw,2021-03-08,-2,0,-16,-35,-77,15
UA,Ukraine,,,Kiev Metropolitan Area,,,ChIJzYwQhKf_1EAR5PjP6COXiNw,2021-03-09,-26,-8,-37,-23,-22,5
UA,Ukraine,,,Kiev Metropolitan Area,,,ChIJzYwQhKf_1EAR5PjP6COXiNw,2021-03-10,-20,0,-14,-18,-22,4
UA,Ukraine,,,Kiev Metropolitan Area,,,ChIJzYwQhKf_1EAR5PjP6COXiNw,2021-03-11,-19,0,-19,-18,-22,4
UA,Ukraine,,,Kiev Metropolitan Area,,,ChIJzYwQhKf_1EAR5PjP6COXiNw,2021-03-12,-27,-5,-37,-25,-23,6
UA,Ukraine,,,Kiev Metropolitan Area,,,ChIJzYwQhKf_1EAR5PjP6COXiNw,2021-03-13,-18,1,-8,-17,-12,2
UA,Ukraine,,,Kiev Metropolitan Area,,,ChIJzYwQhKf_1EAR5PjP6COXiNw,2021-03-14,-20,-3,-19,-18,-9,1
UA,Ukraine,,,Kiev Metropolitan Area,,,ChIJzYwQhKf_1EAR5PjP6COXiNw,2021-03-15,-23,-1,-29,-21,-22,6
UA,Ukraine,,,Kiev Metropolitan Area,,,ChIJzYwQhKf_1EAR5PjP6COXiNw,2021-03-16,-18,3,-16,-18,-22,5
UA,Ukraine,,,Kiev Metropolitan Area,,,ChIJzYwQhKf_1EAR5PjP6COXiNw,2021-03-17,-20,2,-13,-19,-23,5
UA,Ukraine,,,Kiev Metropolitan Area,,,ChIJzYwQhKf_1EAR5PjP6COXiNw,2021-03-18,-15,3,-18,-17,-27,6
UA,Ukraine,,,Kiev Metropolitan Area,,,ChIJzYwQhKf_1EAR5PjP6COXiNw,2021-03-19,-7,7,-14,-15,-27,5
UA,Ukraine,,,Kiev Metropolitan Area,,,ChIJzYwQhKf_1EAR5PjP6COXiNw,2021-03-20,-38,1,0,-22,-17,2
UA,Ukraine,,,Kiev Metropolitan Area,,,ChIJzYwQhKf_1EAR5PjP6COXiNw,2021-03-21,-44,-4,-4,-26,-18,2
UA,Ukraine,,,Kiev Metropolitan Area,,,ChIJzYwQhKf_1EAR5PjP6COXiNw,2021-03-22,-39,-2,-21,-26,-34,10
UA,Ukraine,,,Kiev Metropolitan Area,,,ChIJzYwQhKf_1EAR5PjP6COXiNw,2021-03-23,-41,-4,-27,-29,-35,10
UA,Ukraine,,,Kiev Metropolitan Area,,,ChIJzYwQhKf_1EAR5PjP6COXiNw,2021-03-24,-39,0,-5,-26,-35,9
UA,Ukraine,,,Kiev Metropolitan Area,,,ChIJzYwQhKf_1EAR5PjP6COXiNw,2021-03-25,-38,0,0,-25,-36,9
UA,Ukraine,,,Kiev Metropolitan Area,,,ChIJzYwQhKf_1EAR5PjP6COXiNw,2021-03-26,-37,2,12,-26,-36,8
UA,Ukraine,,,Kiev Metropolitan Area,,,ChIJzYwQhKf_1EAR5PjP6COXiNw,2021-03-27,-40,0,44,-20,-21,0
UA,Ukraine,,,Kiev Metropolitan Area,,,ChIJzYwQhKf_1EAR5PjP6COXiNw,2021-03-28,-41,-1,36,-20,-17,-2
UA,Ukraine,,,Kiev Metropolitan Area,,,ChIJzYwQhKf_1EAR5PjP6COXiNw,2021-03-29,-37,0,-1,-27,-33,9
UA,Ukraine,,,Kiev Metropolitan Area,,,ChIJzYwQhKf_1EAR5PjP6COXiNw,2021-03-30,-34,2,10,-25,-33,8
UA,Ukraine,,,Kiev Metropolitan Area,,,ChIJzYwQhKf_1EAR5PjP6COXiNw,2021-03-31,-35,4,10,-24,-33,8
UA,Ukraine,,,Kiev Metropolitan Area,,,ChIJzYwQhKf_1EAR5PjP6COXiNw,2021-04-01,-28,8,44,-18,-32,5
UA,Ukraine,,,Kiev Metropolitan Area,,,ChIJzYwQhKf_1EAR5PjP6COXiNw,2021-04-02,-38,1,-20,-27,-33,8
UA,Ukraine,,,Kiev Metropolitan Area,,,ChIJzYwQhKf_1EAR5PjP6COXiNw,2021-04-03,-37,4,32,-18,-19,-1
UA,Ukraine,,,Kiev Metropolitan Area,,,ChIJzYwQhKf_1EAR5PjP6COXiNw,2021-04-04,-43,-2,-2,-21,-16,-1
UA,Ukraine,,,Kiev Metropolitan Area,,,ChIJzYwQhKf_1EAR5PjP6COXiNw,2021-04-05,-40,0,4,-40,-41,11
UA,Ukraine,,,Kiev Metropolitan Area,,,ChIJzYwQhKf_1EAR5PjP6COXiNw,2021-04-06,-40,0,-2,-41,-41,11
UA,Ukraine,,,Kiev Metropolitan Area,,,ChIJzYwQhKf_1EAR5PjP6COXiNw,2021-04-07,-46,-6,-34,-46,-44,13
UA,Ukraine,,,Kiev Metropolitan Area,,,ChIJzYwQhKf_1EAR5PjP6COXiNw,2021-04-08,-39,2,-3,-39,-42,11
UA,Ukraine,,,Kiev Metropolitan Area,,,ChIJzYwQhKf_1EAR5PjP6COXiNw,2021-04-09,-38,3,8,-38,-41,9
UA,Ukraine,,,Kiev Metropolitan Area,,,ChIJzYwQhKf_1EAR5PjP6COXiNw,2021-04-10,-39,2,39,-32,-22,-2
UA,Ukraine,,,Kiev Metropolitan Area,,,ChIJzYwQhKf_1EAR5PjP6COXiNw,2021-04-11,-38,2,53,-27,-17,-4
UA,Ukraine,,,Kiev Metropolitan Area,,,ChIJzYwQhKf_1EAR5PjP6COXiNw,2021-04-12,-39,-2,-3,-38,-40,10
UA,Ukraine,,,Kiev Metropolitan Area,,,ChIJzYwQhKf_1EAR5PjP6COXiNw,2021-04-13,-40,-3,-15,-39,-40,11
UA,Ukraine,,,Kiev Metropolitan Area,,,ChIJzYwQhKf_1EAR5PjP6COXiNw,2021-04-14,-36,2,24,-35,-40,9
UA,Ukraine,,,Kiev Metropolitan Area,,,ChIJzYwQhKf_1EAR5PjP6COXiNw,2021-04-15,-36,2,6,-34,-39,8
UA,Ukraine,,,Kiev Metropolitan Area,,,ChIJzYwQhKf_1EAR5PjP6COXiNw,2021-04-16,-41,-2,-28,-38,-39,9
UA,Ukraine,,,Kiev Metropolitan Area,,,ChIJzYwQhKf_1EAR5PjP6COXiNw,2021-04-17,-44,-2,-18,-37,-22,2
UA,Ukraine,,,Kiev Metropolitan Area,,,ChIJzYwQhKf_1EAR5PjP6COXiNw,2021-04-18,-43,-1,4,-32,-17,-1
UA,Ukraine,,,Kiev Metropolitan Area,,,ChIJzYwQhKf_1EAR5PjP6COXiNw,2021-04-19,-34,2,13,-32,-37,8
UA,Ukraine,,,Kiev Metropolitan Area,,,ChIJzYwQhKf_1EAR5PjP6COXiNw,2021-04-20,-35,2,-3,-33,-37,9
UA,Ukraine,,,Kiev Metropolitan Area,,,ChIJzYwQhKf_1EAR5PjP6COXiNw,2021-04-21,-34,5,19,-31,-37,8
UA,Ukraine,,,Kiev Metropolitan Area,,,ChIJzYwQhKf_1EAR5PjP6COXiNw,2021-04-22,-35,3,4,-31,-37,7
UA,Ukraine,,,Kiev Metropolitan Area,,,ChIJzYwQhKf_1EAR5PjP6COXiNw,2021-04-23,-35,5,5,-32,-37,7
UA,Ukraine,,,Kiev Metropolitan Area,,,ChIJzYwQhKf_1EAR5PjP6COXiNw,2021-04-24,-40,1,5,-30,-19,-1
