country_region_code,country_region,sub_region_1,sub_region_2,metro_area,iso_3166_2_code,census_fips_code,place_id,date,retail_and_recreation_percent_change_from_baseline,grocery_and_pharmacy_percent_change_from_baseline,parks_percent_change_from_baseline,transit_stations_percent_change_from_baseline,workplaces_percent_change_from_baseline,residential_percent_change_from_baseline
BS,The Bahamas,,,,,,ChIJPQ9Isjua1ogR5XnHaoO0PhM,2021-01-01,-64,-59,0,-62,-72,22
BS,The Bahamas,,,,,,ChIJPQ9Isjua1ogR5XnHaoO0PhM,2021-01-02,-37,-22,-5,-48,-27,6
BS,The Bahamas,,,,,,ChIJPQ9Isjua1ogR5XnHaoO0PhM,2021-01-03,-51,-40,-3,-38,-29,4
BS,The Bahamas,,,,,,ChIJPQ9Isjua1ogR5XnHaoO0PhM,2021-01-04,-29,-16,8,-44,-24,6
BS,The Bahamas,,,,,,ChIJPQ9Isjua1ogR5XnHaoO0PhM,2021-01-05,-32,-18,6,-43,-26,7
BS,The Bahamas,,,,,,ChIJPQ9Isjua1ogR5XnHaoO0PhM,2021-01-06,-33,-20,0,-39,-23,7
BS,The Bahamas,,,,,,ChIJPQ9Isjua1ogR5XnHaoO0PhM,2021-01-07,-33,-17,-1,-45,-25,7
BS,The Bahamas,,,,,,ChIJPQ9Isjua1ogR5XnHaoO0PhM,2021-01-08,-30,-15,-5,-38,-23,4
BS,The Bahamas,,,,,,ChIJPQ9Isjua1ogR5XnHaoO0PhM,2021-01-09,-31,-15,-12,-50,-25,1
BS,The Bahamas,,,,,,ChIJPQ9Isjua1ogR5XnHaoO0PhM,2021-01-10,-48,-32,-9,-48,-31,2
BS,The Bahamas,,,,,,ChIJPQ9Isjua1ogR5XnHaoO0PhM,2021-01-11,-50,-50,1,-54,-70,17
BS,The Bahamas,,,,,,ChIJPQ9Isjua1ogR5XnHaoO0PhM,2021-01-12,-34,-18,-9,-47,-26,3
BS,The Bahamas,,,,,,ChIJPQ9Isjua1ogR5XnHaoO0PhM,2021-01-13,-35,-23,-8,-39,-25,2
BS,The Bahamas,,,,,,ChIJPQ9Isjua1ogR5XnHaoO0PhM,2021-01-14,-36,-22,-12,-48,-28,4
BS,The Bahamas,,,,,,ChIJPQ9Isjua1ogR5XnHaoO0PhM,2021-01-15,-35,-24,-13,-44,-27,2
BS,The Bahamas,,,,,,ChIJPQ9Isjua1ogR5XnHaoO0PhM,2021-01-16,-37,-22,-16,-57,-30,2
BS,The Bahamas,,,,,,ChIJPQ9Isjua1ogR5XnHaoO0PhM,2021-01-17,-51,-38,-16,-55,-34,2
BS,The Bahamas,,,,,,ChIJPQ9Isjua1ogR5XnHaoO0PhM,2021-01-18,-34,-23,-3,-49,-27,2
BS,The Bahamas,,,,,,ChIJPQ9Isjua1ogR5XnHaoO0PhM,2021-01-19,-34,-24,-5,-46,-28,2
BS,The Bahamas,,,,,,ChIJPQ9Isjua1ogR5XnHaoO0PhM,2021-01-20,-37,-26,-9,-43,-26,3
BS,The Bahamas,,,,,,ChIJPQ9Isjua1ogR5XnHaoO0PhM,2021-01-21,-36,-22,-9,-49,-27,3
BS,The Bahamas,,,,,,ChIJPQ9Isjua1ogR5XnHaoO0PhM,2021-01-22,-32,-19,-7,-43,-26,1
BS,The Bahamas,,,,,,ChIJPQ9Isjua1ogR5XnHaoO0PhM,2021-01-23,-34,-19,-8,-53,-27,-1
BS,The Bahamas,,,,,,ChIJPQ9Isjua1ogR5XnHaoO0PhM,2021-01-24,-46,-32,-10,-53,-32,0
BS,The Bahamas,,,,,,ChIJPQ9Isjua1ogR5XnHaoO0PhM,2021-01-25,-33,-24,-1,-48,-26,2
BS,The Bahamas,,,,,,ChIJPQ9Isjua1ogR5XnHaoO0PhM,2021-01-26,-32,-23,-5,-50,-27,1
BS,The Bahamas,,,,,,ChIJPQ9Isjua1ogR5XnHaoO0PhM,2021-01-27,-31,-20,-6,-39,-25,1
BS,The Bahamas,,,,,,ChIJPQ9Isjua1ogR5XnHaoO0PhM,2021-01-28,-32,-16,-11,-45,-26,0
BS,The Bahamas,,,,,,ChIJPQ9Isjua1ogR5XnHaoO0PhM,2021-01-29,-27,-12,-11,-42,-24,-3
BS,The Bahamas,,,,,,ChIJPQ9Isjua1ogR5XnHaoO0PhM,2021-01-30,-29,-14,-11,-53,-25,-7
BS,The Bahamas,,,,,,ChIJPQ9Isjua1ogR5XnHaoO0PhM,2021-01-31,-42,-27,-15,-54,-29,-6
BS,The Bahamas,,,,,,ChIJPQ9Isjua1ogR5XnHaoO0PhM,2021-02-01,-31,-20,-9,-48,-26,-3
BS,The Bahamas,,,,,,ChIJPQ9Isjua1ogR5XnHaoO0PhM,2021-02-02,-33,-19,-13,-51,-27,-3
BS,The Bahamas,,,,,,ChIJPQ9Isjua1ogR5XnHaoO0PhM,2021-02-03,-37,-24,-12,-44,-24,-1
BS,The Bahamas,,,,,,ChIJPQ9Isjua1ogR5XnHaoO0PhM,2021-02-04,-36,-22,-8,-48,-26,1
BS,The Bahamas,,,,,,ChIJPQ9Isjua1ogR5XnHaoO0PhM,2021-02-05,-31,-19,-4,-42,-24,-1
BS,The Bahamas,,,,,,ChIJPQ9Isjua1ogR5XnHaoO0PhM,2021-02-06,-35,-19,-6,-52,-26,-3
BS,The Bahamas,,,,,,ChIJPQ9Isjua1ogR5XnHaoO0PhM,2021-02-07,-43,-29,-3,-57,-29,-4
BS,The Bahamas,,,,,,ChIJPQ9Isjua1ogR5XnHaoO0PhM,2021-02-08,-34,-25,-1,-49,-25,-1
BS,The Bahamas,,,,,,ChIJPQ9Isjua1ogR5XnHaoO0PhM,2021-02-09,-33,-22,0,-43,-26,-2
BS,The Bahamas,,,,,,ChIJPQ9Isjua1ogR5XnHaoO0PhM,2021-02-10,-33,-23,-3,-42,-24,-2
BS,The Bahamas,,,,,,ChIJPQ9Isjua1ogR5XnHaoO0PhM,2021-02-11,-33,-18,-1,-38,-26,-3
BS,The Bahamas,,,,,,ChIJPQ9Isjua1ogR5XnHaoO0PhM,2021-02-12,-28,-14,3,-41,-25,-7
BS,The Bahamas,,,,,,ChIJPQ9Isjua1ogR5XnHaoO0PhM,2021-02-13,-28,-13,6,-51,-29,-10
BS,The Bahamas,,,,,,ChIJPQ9Isjua1ogR5XnHaoO0PhM,2021-02-14,-34,-25,3,-56,-31,-9
BS,The Bahamas,,,,,,ChIJPQ9Isjua1ogR5XnHaoO0PhM,2021-02-15,-30,-20,7,-46,-26,-7
BS,The Bahamas,,,,,,ChIJPQ9Isjua1ogR5XnHaoO0PhM,2021-02-16,-29,-18,4,-42,-27,-8
BS,The Bahamas,,,,,,ChIJPQ9Isjua1ogR5XnHaoO0PhM,2021-02-17,-30,-19,1,-39,-25,-7
BS,The Bahamas,,,,,,ChIJPQ9Isjua1ogR5XnHaoO0PhM,2021-02-18,-31,-18,0,-43,-26,-6
BS,The Bahamas,,,,,,ChIJPQ9Isjua1ogR5XnHaoO0PhM,2021-02-19,-25,-12,2,-42,-27,-7
BS,The Bahamas,,,,,,ChIJPQ9Isjua1ogR5XnHaoO0PhM,2021-02-20,-30,-15,-1,-51,-28,-9
BS,The Bahamas,,,,,,ChIJPQ9Isjua1ogR5XnHaoO0PhM,2021-02-21,-44,-28,-7,-55,-35,-7
BS,The Bahamas,,,,,,ChIJPQ9Isjua1ogR5XnHaoO0PhM,2021-02-22,-25,-15,8,-46,-29,-6
BS,The Bahamas,,,,,,ChIJPQ9Isjua1ogR5XnHaoO0PhM,2021-02-23,-28,-20,6,-42,-26,-8
BS,The Bahamas,,,,,,ChIJPQ9Isjua1ogR5XnHaoO0PhM,2021-02-24,-26,-15,4,-43,-24,-8
BS,The Bahamas,,,,,,ChIJPQ9Isjua1ogR5XnHaoO0PhM,2021-02-25,-26,-12,5,-42,-26,-8
BS,The Bahamas,,,,,,ChIJPQ9Isjua1ogR5XnHaoO0PhM,2021-02-26,-20,-8,6,-39,-25,-9
BS,The Bahamas,,,,,,ChIJPQ9Isjua1ogR5XnHaoO0PhM,2021-02-27,-23,-9,8,-51,-26,-12
BS,The Bahamas,,,,,,ChIJPQ9Isjua1ogR5XnHaoO0PhM,2021-02-28,-35,-19,7,-52,-31,-10
BS,The Bahamas,,,,,,ChIJPQ9Isjua1ogR5XnHaoO0PhM,2021-03-01,-23,-12,12,-47,-25,-9
BS,The Bahamas,,,,,,ChIJPQ9Isjua1ogR5XnHaoO0PhM,2021-03-02,-25,-13,8,-45,-26,-9
BS,The Bahamas,,,,,,ChIJPQ9Isjua1ogR5XnHaoO0PhM,2021-03-03,-28,-17,4,-39,-23,-9
BS,The Bahamas,,,,,,ChIJPQ9Isjua1ogR5XnHaoO0PhM,2021-03-04,-30,-14,3,-43,-24,-7
BS,The Bahamas,,,,,,ChIJPQ9Isjua1ogR5XnHaoO0PhM,2021-03-05,-25,-12,5,-38,-23,-9
BS,The Bahamas,,,,,,ChIJPQ9Isjua1ogR5XnHaoO0PhM,2021-03-06,-27,-14,6,-49,-26,-10
BS,The Bahamas,,,,,,ChIJPQ9Isjua1ogR5XnHaoO0PhM,2021-03-07,-37,-24,2,-53,-32,-8
BS,The Bahamas,,,,,,ChIJPQ9Isjua1ogR5XnHaoO0PhM,2021-03-08,-27,-15,8,-48,-24,-8
BS,The Bahamas,,,,,,ChIJPQ9Isjua1ogR5XnHaoO0PhM,2021-03-09,-28,-17,4,-41,-25,-7
BS,The Bahamas,,,,,,ChIJPQ9Isjua1ogR5XnHaoO0PhM,2021-03-10,-29,-18,3,-38,-22,-7
BS,The Bahamas,,,,,,ChIJPQ9Isjua1ogR5XnHaoO0PhM,2021-03-11,-29,-15,3,-38,-24,-8
BS,The Bahamas,,,,,,ChIJPQ9Isjua1ogR5XnHaoO0PhM,2021-03-12,-24,-11,6,-38,-22,-9
BS,The Bahamas,,,,,,ChIJPQ9Isjua1ogR5XnHaoO0PhM,2021-03-13,-26,-12,7,-41,-25,-11
BS,The Bahamas,,,,,,ChIJPQ9Isjua1ogR5XnHaoO0PhM,2021-03-14,-37,-26,8,-49,-29,-9
BS,The Bahamas,,,,,,ChIJPQ9Isjua1ogR5XnHaoO0PhM,2021-03-15,-26,-15,14,-43,-22,-9
BS,The Bahamas,,,,,,ChIJPQ9Isjua1ogR5XnHaoO0PhM,2021-03-16,-26,-16,10,-42,-23,-9
BS,The Bahamas,,,,,,ChIJPQ9Isjua1ogR5XnHaoO0PhM,2021-03-17,-28,-18,8,-35,-20,-9
BS,The Bahamas,,,,,,ChIJPQ9Isjua1ogR5XnHaoO0PhM,2021-03-18,-27,-13,8,-37,-22,-9
BS,The Bahamas,,,,,,ChIJPQ9Isjua1ogR5XnHaoO0PhM,2021-03-19,-22,-9,10,-32,-20,-10
BS,The Bahamas,,,,,,ChIJPQ9Isjua1ogR5XnHaoO0PhM,2021-03-20,-26,-12,9,-44,-24,-11
BS,The Bahamas,,,,,,ChIJPQ9Isjua1ogR5XnHaoO0PhM,2021-03-21,-35,-22,9,-47,-28,-10
BS,The Bahamas,,,,,,ChIJPQ9Isjua1ogR5XnHaoO0PhM,2021-03-22,-24,-11,15,-42,-21,-10
BS,The Bahamas,,,,,,ChIJPQ9Isjua1ogR5XnHaoO0PhM,2021-03-23,-24,-11,11,-35,-22,-10
BS,The Bahamas,,,,,,ChIJPQ9Isjua1ogR5XnHaoO0PhM,2021-03-24,-24,-13,8,-29,-20,-10
BS,The Bahamas,,,,,,ChIJPQ9Isjua1ogR5XnHaoO0PhM,2021-03-25,-24,-11,7,-32,-21,-10
BS,The Bahamas,,,,,,ChIJPQ9Isjua1ogR5XnHaoO0PhM,2021-03-26,-19,-9,11,-25,-20,-11
BS,The Bahamas,,,,,,ChIJPQ9Isjua1ogR5XnHaoO0PhM,2021-03-27,-24,-12,9,-33,-22,-12
BS,The Bahamas,,,,,,ChIJPQ9Isjua1ogR5XnHaoO0PhM,2021-03-28,-30,-19,13,-40,-28,-11
BS,The Bahamas,,,,,,ChIJPQ9Isjua1ogR5XnHaoO0PhM,2021-03-29,-15,-6,21,-32,-26,-10
BS,The Bahamas,,,,,,ChIJPQ9Isjua1ogR5XnHaoO0PhM,2021-03-30,-14,-5,18,-29,-27,-10
BS,The Bahamas,,,,,,ChIJPQ9Isjua1ogR5XnHaoO0PhM,2021-03-31,-13,-3,16,-18,-27,-11
BS,The Bahamas,,,,,,ChIJPQ9Isjua1ogR5XnHaoO0PhM,2021-04-01,-10,14,17,-8,-30,-11
BS,The Bahamas,,,,,,ChIJPQ9Isjua1ogR5XnHaoO0PhM,2021-04-02,-58,-46,4,-43,-70,6
BS,The Bahamas,,,,,,ChIJPQ9Isjua1ogR5XnHaoO0PhM,2021-04-03,-24,-8,2,-39,-29,-8
BS,The Bahamas,,,,,,ChIJPQ9Isjua1ogR5XnHaoO0PhM,2021-04-04,-35,-30,9,-46,-29,-9
BS,The Bahamas,,,,,,ChIJPQ9Isjua1ogR5XnHaoO0PhM,2021-04-05,-44,-48,21,-39,-71,6
BS,The Bahamas,,,,,,ChIJPQ9Isjua1ogR5XnHaoO0PhM,2021-04-06,-20,-6,11,-31,-28,-9
BS,The Bahamas,,,,,,ChIJPQ9Isjua1ogR5XnHaoO0PhM,2021-04-07,-22,-12,10,-26,-25,-9
BS,The Bahamas,,,,,,ChIJPQ9Isjua1ogR5XnHaoO0PhM,2021-04-08,-21,-8,10,-30,-24,-8
BS,The Bahamas,,,,,,ChIJPQ9Isjua1ogR5XnHaoO0PhM,2021-04-09,-18,-7,10,-30,-23,-9
BS,The Bahamas,,,,,,ChIJPQ9Isjua1ogR5XnHaoO0PhM,2021-04-10,-22,-11,10,-32,-21,-11
BS,The Bahamas,,,,,,ChIJPQ9Isjua1ogR5XnHaoO0PhM,2021-04-11,-35,-21,6,-36,-27,-9
BS,The Bahamas,,,,,,ChIJPQ9Isjua1ogR5XnHaoO0PhM,2021-04-12,-23,-12,11,-37,-21,-9
BS,The Bahamas,,,,,,ChIJPQ9Isjua1ogR5XnHaoO0PhM,2021-04-13,-22,-12,11,-32,-22,-10
BS,The Bahamas,,,,,,ChIJPQ9Isjua1ogR5XnHaoO0PhM,2021-04-14,-22,-13,8,-34,-20,-10
BS,The Bahamas,,,,,,ChIJPQ9Isjua1ogR5XnHaoO0PhM,2021-04-15,-22,-9,7,-36,-20,-9
BS,The Bahamas,,,,,,ChIJPQ9Isjua1ogR5XnHaoO0PhM,2021-04-16,-18,-7,9,-31,-19,-10
BS,The Bahamas,,,,,,ChIJPQ9Isjua1ogR5XnHaoO0PhM,2021-04-17,-21,-9,8,-40,-21,-11
BS,The Bahamas,,,,,,ChIJPQ9Isjua1ogR5XnHaoO0PhM,2021-04-18,-28,-18,7,-45,-27,-9
BS,The Bahamas,,,,,,ChIJPQ9Isjua1ogR5XnHaoO0PhM,2021-04-19,-18,-10,12,-40,-20,-9
BS,The Bahamas,,,,,,ChIJPQ9Isjua1ogR5XnHaoO0PhM,2021-04-20,-18,-8,8,-37,-22,-10
BS,The Bahamas,,,,,,ChIJPQ9Isjua1ogR5XnHaoO0PhM,2021-04-21,-20,-10,5,-32,-20,-9
BS,The Bahamas,,,,,,ChIJPQ9Isjua1ogR5XnHaoO0PhM,2021-04-22,-21,-10,3,-34,-20,-8
BS,The Bahamas,,,,,,ChIJPQ9Isjua1ogR5XnHaoO0PhM,2021-04-23,-16,-6,7,-31,-18,-10
BS,The Bahamas,,,,,,ChIJPQ9Isjua1ogR5XnHaoO0PhM,2021-04-24,-19,-10,6,-38,-21,-10
BS,The Bahamas,Freeport,,,BS-FP,,ChIJza5UwhvYJokRJ-JOqh3cDWw,2021-01-01,-59,-74,,,-76,
BS,The Bahamas,Freeport,,,BS-FP,,ChIJza5UwhvYJokRJ-JOqh3cDWw,2021-01-02,-21,-29,,,-20,
BS,The Bahamas,Freeport,,,BS-FP,,ChIJza5UwhvYJokRJ-JOqh3cDWw,2021-01-03,,,,,-24,
BS,The Bahamas,Freeport,,,BS-FP,,ChIJza5UwhvYJokRJ-JOqh3cDWw,2021-01-04,-17,-21,,,-11,-1
BS,The Bahamas,Freeport,,,BS-FP,,ChIJza5UwhvYJokRJ-JOqh3cDWw,2021-01-05,-24,-20,,,-13,-1
BS,The Bahamas,Freeport,,,BS-FP,,ChIJza5UwhvYJokRJ-JOqh3cDWw,2021-01-06,-27,-23,,,-13,0
BS,The Bahamas,Freeport,,,BS-FP,,ChIJza5UwhvYJokRJ-JOqh3cDWw,2021-01-07,-31,-22,,,-13,1
BS,The Bahamas,Freeport,,,BS-FP,,ChIJza5UwhvYJokRJ-JOqh3cDWw,2021-01-08,-22,-22,,,-8,-3
BS,The Bahamas,Freeport,,,BS-FP,,ChIJza5UwhvYJokRJ-JOqh3cDWw,2021-01-09,-24,-28,,,-18,
BS,The Bahamas,Freeport,,,BS-FP,,ChIJza5UwhvYJokRJ-JOqh3cDWw,2021-01-10,,,,,-20,
BS,The Bahamas,Freeport,,,BS-FP,,ChIJza5UwhvYJokRJ-JOqh3cDWw,2021-01-11,-43,-67,,,-70,
BS,The Bahamas,Freeport,,,BS-FP,,ChIJza5UwhvYJokRJ-JOqh3cDWw,2021-01-12,-25,-17,,,-13,-5
BS,The Bahamas,Freeport,,,BS-FP,,ChIJza5UwhvYJokRJ-JOqh3cDWw,2021-01-13,-30,-29,,,-15,-5
BS,The Bahamas,Freeport,,,BS-FP,,ChIJza5UwhvYJokRJ-JOqh3cDWw,2021-01-14,-36,-29,,,-17,-4
BS,The Bahamas,Freeport,,,BS-FP,,ChIJza5UwhvYJokRJ-JOqh3cDWw,2021-01-15,-25,-31,,,-13,-7
BS,The Bahamas,Freeport,,,BS-FP,,ChIJza5UwhvYJokRJ-JOqh3cDWw,2021-01-16,-26,-29,,,-19,
BS,The Bahamas,Freeport,,,BS-FP,,ChIJza5UwhvYJokRJ-JOqh3cDWw,2021-01-17,,,,,-26,
BS,The Bahamas,Freeport,,,BS-FP,,ChIJza5UwhvYJokRJ-JOqh3cDWw,2021-01-18,-23,-32,,,-15,-6
BS,The Bahamas,Freeport,,,BS-FP,,ChIJza5UwhvYJokRJ-JOqh3cDWw,2021-01-19,-29,-32,,,-16,-5
BS,The Bahamas,Freeport,,,BS-FP,,ChIJza5UwhvYJokRJ-JOqh3cDWw,2021-01-20,-33,-36,,,-16,-6
BS,The Bahamas,Freeport,,,BS-FP,,ChIJza5UwhvYJokRJ-JOqh3cDWw,2021-01-21,-30,-29,,,-14,-6
BS,The Bahamas,Freeport,,,BS-FP,,ChIJza5UwhvYJokRJ-JOqh3cDWw,2021-01-22,-22,-27,,,-11,-7
BS,The Bahamas,Freeport,,,BS-FP,,ChIJza5UwhvYJokRJ-JOqh3cDWw,2021-01-23,-26,-28,,,-20,
BS,The Bahamas,Freeport,,,BS-FP,,ChIJza5UwhvYJokRJ-JOqh3cDWw,2021-01-24,,,,,-26,
BS,The Bahamas,Freeport,,,BS-FP,,ChIJza5UwhvYJokRJ-JOqh3cDWw,2021-01-25,-20,-29,,,-16,-7
BS,The Bahamas,Freeport,,,BS-FP,,ChIJza5UwhvYJokRJ-JOqh3cDWw,2021-01-26,-29,-32,,,-13,-6
BS,The Bahamas,Freeport,,,BS-FP,,ChIJza5UwhvYJokRJ-JOqh3cDWw,2021-01-27,-30,-29,,,-14,-6
BS,The Bahamas,Freeport,,,BS-FP,,ChIJza5UwhvYJokRJ-JOqh3cDWw,2021-01-28,-27,-25,,,-16,-10
BS,The Bahamas,Freeport,,,BS-FP,,ChIJza5UwhvYJokRJ-JOqh3cDWw,2021-01-29,-17,-23,,,-9,-12
BS,The Bahamas,Freeport,,,BS-FP,,ChIJza5UwhvYJokRJ-JOqh3cDWw,2021-01-30,-19,-23,,,-15,
BS,The Bahamas,Freeport,,,BS-FP,,ChIJza5UwhvYJokRJ-JOqh3cDWw,2021-01-31,,,,,-22,
BS,The Bahamas,Freeport,,,BS-FP,,ChIJza5UwhvYJokRJ-JOqh3cDWw,2021-02-01,-21,-27,,,-13,-14
BS,The Bahamas,Freeport,,,BS-FP,,ChIJza5UwhvYJokRJ-JOqh3cDWw,2021-02-02,-28,-31,,,-15,-12
BS,The Bahamas,Freeport,,,BS-FP,,ChIJza5UwhvYJokRJ-JOqh3cDWw,2021-02-03,-35,-36,,,-15,-9
BS,The Bahamas,Freeport,,,BS-FP,,ChIJza5UwhvYJokRJ-JOqh3cDWw,2021-02-04,-37,-34,,,-13,-8
BS,The Bahamas,Freeport,,,BS-FP,,ChIJza5UwhvYJokRJ-JOqh3cDWw,2021-02-05,-24,-30,,,-10,-10
BS,The Bahamas,Freeport,,,BS-FP,,ChIJza5UwhvYJokRJ-JOqh3cDWw,2021-02-06,-30,-35,,,-21,
BS,The Bahamas,Freeport,,,BS-FP,,ChIJza5UwhvYJokRJ-JOqh3cDWw,2021-02-07,,,,,-25,
BS,The Bahamas,Freeport,,,BS-FP,,ChIJza5UwhvYJokRJ-JOqh3cDWw,2021-02-08,-29,-32,,,-15,-8
BS,The Bahamas,Freeport,,,BS-FP,,ChIJza5UwhvYJokRJ-JOqh3cDWw,2021-02-09,-27,-32,,,-16,-9
BS,The Bahamas,Freeport,,,BS-FP,,ChIJza5UwhvYJokRJ-JOqh3cDWw,2021-02-10,-31,-30,,,-16,-9
BS,The Bahamas,Freeport,,,BS-FP,,ChIJza5UwhvYJokRJ-JOqh3cDWw,2021-02-11,-29,-29,,,-17,-13
BS,The Bahamas,Freeport,,,BS-FP,,ChIJza5UwhvYJokRJ-JOqh3cDWw,2021-02-12,-20,-23,,,-15,-18
BS,The Bahamas,Freeport,,,BS-FP,,ChIJza5UwhvYJokRJ-JOqh3cDWw,2021-02-13,-17,-28,,,-23,
BS,The Bahamas,Freeport,,,BS-FP,,ChIJza5UwhvYJokRJ-JOqh3cDWw,2021-02-14,,,,,-25,
BS,The Bahamas,Freeport,,,BS-FP,,ChIJza5UwhvYJokRJ-JOqh3cDWw,2021-02-15,-21,-31,,,-16,-17
BS,The Bahamas,Freeport,,,BS-FP,,ChIJza5UwhvYJokRJ-JOqh3cDWw,2021-02-16,-26,-24,,,-17,-16
BS,The Bahamas,Freeport,,,BS-FP,,ChIJza5UwhvYJokRJ-JOqh3cDWw,2021-02-17,-28,-25,,,-19,-16
BS,The Bahamas,Freeport,,,BS-FP,,ChIJza5UwhvYJokRJ-JOqh3cDWw,2021-02-18,-28,-30,,,-16,-16
BS,The Bahamas,Freeport,,,BS-FP,,ChIJza5UwhvYJokRJ-JOqh3cDWw,2021-02-19,-19,-22,,,-20,-16
BS,The Bahamas,Freeport,,,BS-FP,,ChIJza5UwhvYJokRJ-JOqh3cDWw,2021-02-20,-21,-30,,,-21,
BS,The Bahamas,Freeport,,,BS-FP,,ChIJza5UwhvYJokRJ-JOqh3cDWw,2021-02-21,,,,,-32,
BS,The Bahamas,Freeport,,,BS-FP,,ChIJza5UwhvYJokRJ-JOqh3cDWw,2021-02-22,-19,-27,,,-24,-13
BS,The Bahamas,Freeport,,,BS-FP,,ChIJza5UwhvYJokRJ-JOqh3cDWw,2021-02-23,-26,-29,,,-18,-17
BS,The Bahamas,Freeport,,,BS-FP,,ChIJza5UwhvYJokRJ-JOqh3cDWw,2021-02-24,-22,-24,,,-17,-15
BS,The Bahamas,Freeport,,,BS-FP,,ChIJza5UwhvYJokRJ-JOqh3cDWw,2021-02-25,-26,-23,,,-18,-17
BS,The Bahamas,Freeport,,,BS-FP,,ChIJza5UwhvYJokRJ-JOqh3cDWw,2021-02-26,-14,-18,,,-16,-20
BS,The Bahamas,Freeport,,,BS-FP,,ChIJza5UwhvYJokRJ-JOqh3cDWw,2021-02-27,-13,-23,,,-18,
BS,The Bahamas,Freeport,,,BS-FP,,ChIJza5UwhvYJokRJ-JOqh3cDWw,2021-02-28,,,,,-20,
BS,The Bahamas,Freeport,,,BS-FP,,ChIJza5UwhvYJokRJ-JOqh3cDWw,2021-03-01,-13,-22,,,-14,-18
BS,The Bahamas,Freeport,,,BS-FP,,ChIJza5UwhvYJokRJ-JOqh3cDWw,2021-03-02,-21,-21,,,-16,-17
BS,The Bahamas,Freeport,,,BS-FP,,ChIJza5UwhvYJokRJ-JOqh3cDWw,2021-03-03,-23,-23,,,-15,-17
BS,The Bahamas,Freeport,,,BS-FP,,ChIJza5UwhvYJokRJ-JOqh3cDWw,2021-03-04,-27,-21,,,-16,-16
BS,The Bahamas,Freeport,,,BS-FP,,ChIJza5UwhvYJokRJ-JOqh3cDWw,2021-03-05,-17,-21,,,-12,-18
BS,The Bahamas,Freeport,,,BS-FP,,ChIJza5UwhvYJokRJ-JOqh3cDWw,2021-03-06,-22,-29,,,-19,
BS,The Bahamas,Freeport,,,BS-FP,,ChIJza5UwhvYJokRJ-JOqh3cDWw,2021-03-07,,,,,-25,
BS,The Bahamas,Freeport,,,BS-FP,,ChIJza5UwhvYJokRJ-JOqh3cDWw,2021-03-08,-17,-24,,,-15,-15
BS,The Bahamas,Freeport,,,BS-FP,,ChIJza5UwhvYJokRJ-JOqh3cDWw,2021-03-09,-20,-24,,,-14,-16
BS,The Bahamas,Freeport,,,BS-FP,,ChIJza5UwhvYJokRJ-JOqh3cDWw,2021-03-10,-20,-22,,,-14,-15
BS,The Bahamas,Freeport,,,BS-FP,,ChIJza5UwhvYJokRJ-JOqh3cDWw,2021-03-11,-26,-24,,,-14,-17
BS,The Bahamas,Freeport,,,BS-FP,,ChIJza5UwhvYJokRJ-JOqh3cDWw,2021-03-12,-12,-19,,,-14,-18
BS,The Bahamas,Freeport,,,BS-FP,,ChIJza5UwhvYJokRJ-JOqh3cDWw,2021-03-13,-17,-26,,,-21,
BS,The Bahamas,Freeport,,,BS-FP,,ChIJza5UwhvYJokRJ-JOqh3cDWw,2021-03-14,,,,,-25,
BS,The Bahamas,Freeport,,,BS-FP,,ChIJza5UwhvYJokRJ-JOqh3cDWw,2021-03-15,-14,-22,,,-16,-17
BS,The Bahamas,Freeport,,,BS-FP,,ChIJza5UwhvYJokRJ-JOqh3cDWw,2021-03-16,-20,-22,,,-16,-18
BS,The Bahamas,Freeport,,,BS-FP,,ChIJza5UwhvYJokRJ-JOqh3cDWw,2021-03-17,-21,-24,,,-17,-17
BS,The Bahamas,Freeport,,,BS-FP,,ChIJza5UwhvYJokRJ-JOqh3cDWw,2021-03-18,-22,-20,,,-13,-17
BS,The Bahamas,Freeport,,,BS-FP,,ChIJza5UwhvYJokRJ-JOqh3cDWw,2021-03-19,-14,-17,,,-13,-19
BS,The Bahamas,Freeport,,,BS-FP,,ChIJza5UwhvYJokRJ-JOqh3cDWw,2021-03-20,-18,-20,,,-20,
BS,The Bahamas,Freeport,,,BS-FP,,ChIJza5UwhvYJokRJ-JOqh3cDWw,2021-03-21,,,,,-24,
BS,The Bahamas,Freeport,,,BS-FP,,ChIJza5UwhvYJokRJ-JOqh3cDWw,2021-03-22,-15,-18,,,-14,-18
BS,The Bahamas,Freeport,,,BS-FP,,ChIJza5UwhvYJokRJ-JOqh3cDWw,2021-03-23,-17,-13,,,-15,-19
BS,The Bahamas,Freeport,,,BS-FP,,ChIJza5UwhvYJokRJ-JOqh3cDWw,2021-03-24,-22,-22,,,-17,-17
BS,The Bahamas,Freeport,,,BS-FP,,ChIJza5UwhvYJokRJ-JOqh3cDWw,2021-03-25,-19,-18,,,-17,-18
BS,The Bahamas,Freeport,,,BS-FP,,ChIJza5UwhvYJokRJ-JOqh3cDWw,2021-03-26,-9,-17,,,-15,-20
BS,The Bahamas,Freeport,,,BS-FP,,ChIJza5UwhvYJokRJ-JOqh3cDWw,2021-03-27,-14,-16,,,-22,
BS,The Bahamas,Freeport,,,BS-FP,,ChIJza5UwhvYJokRJ-JOqh3cDWw,2021-03-28,,,,,-24,
BS,The Bahamas,Freeport,,,BS-FP,,ChIJza5UwhvYJokRJ-JOqh3cDWw,2021-03-29,-3,-9,,,-26,-18
BS,The Bahamas,Freeport,,,BS-FP,,ChIJza5UwhvYJokRJ-JOqh3cDWw,2021-03-30,-8,-8,,,-26,-18
BS,The Bahamas,Freeport,,,BS-FP,,ChIJza5UwhvYJokRJ-JOqh3cDWw,2021-03-31,-12,-15,,,-28,-19
BS,The Bahamas,Freeport,,,BS-FP,,ChIJza5UwhvYJokRJ-JOqh3cDWw,2021-04-01,-1,9,,,-30,-17
BS,The Bahamas,Freeport,,,BS-FP,,ChIJza5UwhvYJokRJ-JOqh3cDWw,2021-04-02,-53,-68,,,-74,
BS,The Bahamas,Freeport,,,BS-FP,,ChIJza5UwhvYJokRJ-JOqh3cDWw,2021-04-03,-11,-12,,,-26,
BS,The Bahamas,Freeport,,,BS-FP,,ChIJza5UwhvYJokRJ-JOqh3cDWw,2021-04-04,,,,,-31,
BS,The Bahamas,Freeport,,,BS-FP,,ChIJza5UwhvYJokRJ-JOqh3cDWw,2021-04-05,-36,-73,,,-74,
BS,The Bahamas,Freeport,,,BS-FP,,ChIJza5UwhvYJokRJ-JOqh3cDWw,2021-04-06,-17,-13,,,-25,-16
BS,The Bahamas,Freeport,,,BS-FP,,ChIJza5UwhvYJokRJ-JOqh3cDWw,2021-04-07,-20,-20,,,-25,-15
BS,The Bahamas,Freeport,,,BS-FP,,ChIJza5UwhvYJokRJ-JOqh3cDWw,2021-04-08,-20,-21,,,-23,-15
BS,The Bahamas,Freeport,,,BS-FP,,ChIJza5UwhvYJokRJ-JOqh3cDWw,2021-04-09,-7,-16,,,-21,-17
BS,The Bahamas,Freeport,,,BS-FP,,ChIJza5UwhvYJokRJ-JOqh3cDWw,2021-04-10,-12,-22,,,-20,
BS,The Bahamas,Freeport,,,BS-FP,,ChIJza5UwhvYJokRJ-JOqh3cDWw,2021-04-11,,,,,-28,
BS,The Bahamas,Freeport,,,BS-FP,,ChIJza5UwhvYJokRJ-JOqh3cDWw,2021-04-12,-11,-23,,,-16,-16
BS,The Bahamas,Freeport,,,BS-FP,,ChIJza5UwhvYJokRJ-JOqh3cDWw,2021-04-13,-13,-18,,,-14,-19
BS,The Bahamas,Freeport,,,BS-FP,,ChIJza5UwhvYJokRJ-JOqh3cDWw,2021-04-14,-17,-18,,,-13,-19
BS,The Bahamas,Freeport,,,BS-FP,,ChIJza5UwhvYJokRJ-JOqh3cDWw,2021-04-15,-16,-17,,,-14,-19
BS,The Bahamas,Freeport,,,BS-FP,,ChIJza5UwhvYJokRJ-JOqh3cDWw,2021-04-16,-8,-21,,,-12,-20
BS,The Bahamas,Freeport,,,BS-FP,,ChIJza5UwhvYJokRJ-JOqh3cDWw,2021-04-17,-11,-20,,,-16,
BS,The Bahamas,Freeport,,,BS-FP,,ChIJza5UwhvYJokRJ-JOqh3cDWw,2021-04-18,,,,,-24,
BS,The Bahamas,Freeport,,,BS-FP,,ChIJza5UwhvYJokRJ-JOqh3cDWw,2021-04-19,-9,-23,,,-15,-17
BS,The Bahamas,Freeport,,,BS-FP,,ChIJza5UwhvYJokRJ-JOqh3cDWw,2021-04-20,-13,-17,,,-14,-18
BS,The Bahamas,Freeport,,,BS-FP,,ChIJza5UwhvYJokRJ-JOqh3cDWw,2021-04-21,-20,-19,,,-18,-13
BS,The Bahamas,Freeport,,,BS-FP,,ChIJza5UwhvYJokRJ-JOqh3cDWw,2021-04-22,-19,-19,,,-14,-17
BS,The Bahamas,Freeport,,,BS-FP,,ChIJza5UwhvYJokRJ-JOqh3cDWw,2021-04-23,-3,-13,,,-11,-20
BS,The Bahamas,Freeport,,,BS-FP,,ChIJza5UwhvYJokRJ-JOqh3cDWw,2021-04-24,-8,-24,,,-19,
BS,The Bahamas,New Providence,,,,,ChIJGakt4XeAL4kR2Y2b1FRA-9I,2021-01-01,-66,-53,29,-64,-74,24
BS,The Bahamas,New Providence,,,,,ChIJGakt4XeAL4kR2Y2b1FRA-9I,2021-01-02,-40,-19,15,-52,-28,8
BS,The Bahamas,New Providence,,,,,ChIJGakt4XeAL4kR2Y2b1FRA-9I,2021-01-03,-57,-39,22,-45,-30,6
BS,The Bahamas,New Providence,,,,,ChIJGakt4XeAL4kR2Y2b1FRA-9I,2021-01-04,-31,-15,38,-49,-27,8
BS,The Bahamas,New Providence,,,,,ChIJGakt4XeAL4kR2Y2b1FRA-9I,2021-01-05,-33,-15,35,-54,-28,9
BS,The Bahamas,New Providence,,,,,ChIJGakt4XeAL4kR2Y2b1FRA-9I,2021-01-06,-34,-17,33,-46,-26,9
BS,The Bahamas,New Providence,,,,,ChIJGakt4XeAL4kR2Y2b1FRA-9I,2021-01-07,-34,-15,26,-54,-27,9
BS,The Bahamas,New Providence,,,,,ChIJGakt4XeAL4kR2Y2b1FRA-9I,2021-01-08,-32,-12,22,-46,-26,6
BS,The Bahamas,New Providence,,,,,ChIJGakt4XeAL4kR2Y2b1FRA-9I,2021-01-09,-33,-12,5,-57,-25,2
BS,The Bahamas,New Providence,,,,,ChIJGakt4XeAL4kR2Y2b1FRA-9I,2021-01-10,-54,-31,14,-55,-33,3
BS,The Bahamas,New Providence,,,,,ChIJGakt4XeAL4kR2Y2b1FRA-9I,2021-01-11,-53,-45,32,-60,-71,19
BS,The Bahamas,New Providence,,,,,ChIJGakt4XeAL4kR2Y2b1FRA-9I,2021-01-12,-36,-17,13,-58,-28,5
BS,The Bahamas,New Providence,,,,,ChIJGakt4XeAL4kR2Y2b1FRA-9I,2021-01-13,-36,-20,20,-49,-28,5
BS,The Bahamas,New Providence,,,,,ChIJGakt4XeAL4kR2Y2b1FRA-9I,2021-01-14,-38,-20,11,-57,-31,6
BS,The Bahamas,New Providence,,,,,ChIJGakt4XeAL4kR2Y2b1FRA-9I,2021-01-15,-37,-21,12,-50,-30,4
BS,The Bahamas,New Providence,,,,,ChIJGakt4XeAL4kR2Y2b1FRA-9I,2021-01-16,-40,-19,0,-67,-31,3
BS,The Bahamas,New Providence,,,,,ChIJGakt4XeAL4kR2Y2b1FRA-9I,2021-01-17,-56,-37,7,-61,-35,3
BS,The Bahamas,New Providence,,,,,ChIJGakt4XeAL4kR2Y2b1FRA-9I,2021-01-18,-36,-22,21,-59,-30,5
BS,The Bahamas,New Providence,,,,,ChIJGakt4XeAL4kR2Y2b1FRA-9I,2021-01-19,-35,-22,19,-55,-30,4
BS,The Bahamas,New Providence,,,,,ChIJGakt4XeAL4kR2Y2b1FRA-9I,2021-01-20,-38,-23,20,-50,-29,5
BS,The Bahamas,New Providence,,,,,ChIJGakt4XeAL4kR2Y2b1FRA-9I,2021-01-21,-38,-21,14,-58,-30,6
BS,The Bahamas,New Providence,,,,,ChIJGakt4XeAL4kR2Y2b1FRA-9I,2021-01-22,-33,-16,19,-52,-29,4
BS,The Bahamas,New Providence,,,,,ChIJGakt4XeAL4kR2Y2b1FRA-9I,2021-01-23,-36,-16,10,-60,-27,1
BS,The Bahamas,New Providence,,,,,ChIJGakt4XeAL4kR2Y2b1FRA-9I,2021-01-24,-50,-31,15,-61,-32,2
BS,The Bahamas,New Providence,,,,,ChIJGakt4XeAL4kR2Y2b1FRA-9I,2021-01-25,-36,-23,24,-56,-29,4
BS,The Bahamas,New Providence,,,,,ChIJGakt4XeAL4kR2Y2b1FRA-9I,2021-01-26,-33,-21,20,-57,-29,4
BS,The Bahamas,New Providence,,,,,ChIJGakt4XeAL4kR2Y2b1FRA-9I,2021-01-27,-32,-17,24,-47,-28,3
BS,The Bahamas,New Providence,,,,,ChIJGakt4XeAL4kR2Y2b1FRA-9I,2021-01-28,-33,-14,14,-58,-29,2
BS,The Bahamas,New Providence,,,,,ChIJGakt4XeAL4kR2Y2b1FRA-9I,2021-01-29,-28,-8,14,-51,-27,-1
BS,The Bahamas,New Providence,,,,,ChIJGakt4XeAL4kR2Y2b1FRA-9I,2021-01-30,-32,-11,8,-63,-26,-6
BS,The Bahamas,New Providence,,,,,ChIJGakt4XeAL4kR2Y2b1FRA-9I,2021-01-31,-46,-25,7,-63,-28,-5
BS,The Bahamas,New Providence,,,,,ChIJGakt4XeAL4kR2Y2b1FRA-9I,2021-02-01,-33,-18,11,-56,-28,-2
BS,The Bahamas,New Providence,,,,,ChIJGakt4XeAL4kR2Y2b1FRA-9I,2021-02-02,-33,-15,8,-56,-28,-1
BS,The Bahamas,New Providence,,,,,ChIJGakt4XeAL4kR2Y2b1FRA-9I,2021-02-03,-37,-20,13,-51,-26,0
BS,The Bahamas,New Providence,,,,,ChIJGakt4XeAL4kR2Y2b1FRA-9I,2021-02-04,-38,-20,14,-60,-28,3
BS,The Bahamas,New Providence,,,,,ChIJGakt4XeAL4kR2Y2b1FRA-9I,2021-02-05,-32,-16,21,-50,-26,1
BS,The Bahamas,New Providence,,,,,ChIJGakt4XeAL4kR2Y2b1FRA-9I,2021-02-06,-36,-15,12,-59,-25,-2
BS,The Bahamas,New Providence,,,,,ChIJGakt4XeAL4kR2Y2b1FRA-9I,2021-02-07,-47,-27,22,-66,-30,-3
BS,The Bahamas,New Providence,,,,,ChIJGakt4XeAL4kR2Y2b1FRA-9I,2021-02-08,-36,-23,23,-56,-27,1
BS,The Bahamas,New Providence,,,,,ChIJGakt4XeAL4kR2Y2b1FRA-9I,2021-02-09,-34,-19,24,-54,-27,0
BS,The Bahamas,New Providence,,,,,ChIJGakt4XeAL4kR2Y2b1FRA-9I,2021-02-10,-34,-20,26,-48,-26,0
BS,The Bahamas,New Providence,,,,,ChIJGakt4XeAL4kR2Y2b1FRA-9I,2021-02-11,-35,-16,27,-49,-28,-2
BS,The Bahamas,New Providence,,,,,ChIJGakt4XeAL4kR2Y2b1FRA-9I,2021-02-12,-30,-12,39,-49,-27,-6
BS,The Bahamas,New Providence,,,,,ChIJGakt4XeAL4kR2Y2b1FRA-9I,2021-02-13,-31,-9,33,-57,-29,-9
BS,The Bahamas,New Providence,,,,,ChIJGakt4XeAL4kR2Y2b1FRA-9I,2021-02-14,-40,-24,36,-63,-32,-8
BS,The Bahamas,New Providence,,,,,ChIJGakt4XeAL4kR2Y2b1FRA-9I,2021-02-15,-32,-17,41,-52,-27,-6
BS,The Bahamas,New Providence,,,,,ChIJGakt4XeAL4kR2Y2b1FRA-9I,2021-02-16,-30,-15,39,-50,-28,-6
BS,The Bahamas,New Providence,,,,,ChIJGakt4XeAL4kR2Y2b1FRA-9I,2021-02-17,-31,-16,39,-49,-26,-6
BS,The Bahamas,New Providence,,,,,ChIJGakt4XeAL4kR2Y2b1FRA-9I,2021-02-18,-33,-15,34,-54,-28,-4
BS,The Bahamas,New Providence,,,,,ChIJGakt4XeAL4kR2Y2b1FRA-9I,2021-02-19,-27,-9,38,-49,-29,-6
BS,The Bahamas,New Providence,,,,,ChIJGakt4XeAL4kR2Y2b1FRA-9I,2021-02-20,-32,-11,26,-59,-28,-8
BS,The Bahamas,New Providence,,,,,ChIJGakt4XeAL4kR2Y2b1FRA-9I,2021-02-21,-48,-26,23,-65,-36,-6
BS,The Bahamas,New Providence,,,,,ChIJGakt4XeAL4kR2Y2b1FRA-9I,2021-02-22,-27,-12,42,-55,-30,-5
BS,The Bahamas,New Providence,,,,,ChIJGakt4XeAL4kR2Y2b1FRA-9I,2021-02-23,-28,-16,39,-53,-28,-6
BS,The Bahamas,New Providence,,,,,ChIJGakt4XeAL4kR2Y2b1FRA-9I,2021-02-24,-27,-11,41,-50,-26,-7
BS,The Bahamas,New Providence,,,,,ChIJGakt4XeAL4kR2Y2b1FRA-9I,2021-02-25,-27,-9,38,-54,-28,-6
BS,The Bahamas,New Providence,,,,,ChIJGakt4XeAL4kR2Y2b1FRA-9I,2021-02-26,-21,-4,43,-47,-27,-8
BS,The Bahamas,New Providence,,,,,ChIJGakt4XeAL4kR2Y2b1FRA-9I,2021-02-27,-26,-6,37,-58,-28,-11
BS,The Bahamas,New Providence,,,,,ChIJGakt4XeAL4kR2Y2b1FRA-9I,2021-02-28,-40,-18,43,-61,-33,-9
BS,The Bahamas,New Providence,,,,,ChIJGakt4XeAL4kR2Y2b1FRA-9I,2021-03-01,-25,-10,47,-56,-27,-8
BS,The Bahamas,New Providence,,,,,ChIJGakt4XeAL4kR2Y2b1FRA-9I,2021-03-02,-25,-10,44,-53,-27,-7
BS,The Bahamas,New Providence,,,,,ChIJGakt4XeAL4kR2Y2b1FRA-9I,2021-03-03,-30,-14,45,-49,-26,-7
BS,The Bahamas,New Providence,,,,,ChIJGakt4XeAL4kR2Y2b1FRA-9I,2021-03-04,-32,-13,38,-53,-27,-6
BS,The Bahamas,New Providence,,,,,ChIJGakt4XeAL4kR2Y2b1FRA-9I,2021-03-05,-27,-9,41,-48,-26,-8
BS,The Bahamas,New Providence,,,,,ChIJGakt4XeAL4kR2Y2b1FRA-9I,2021-03-06,-29,-11,33,-59,-27,-9
BS,The Bahamas,New Providence,,,,,ChIJGakt4XeAL4kR2Y2b1FRA-9I,2021-03-07,-42,-24,35,-64,-32,-7
BS,The Bahamas,New Providence,,,,,ChIJGakt4XeAL4kR2Y2b1FRA-9I,2021-03-08,-29,-14,42,-56,-26,-6
BS,The Bahamas,New Providence,,,,,ChIJGakt4XeAL4kR2Y2b1FRA-9I,2021-03-09,-29,-15,38,-48,-27,-6
BS,The Bahamas,New Providence,,,,,ChIJGakt4XeAL4kR2Y2b1FRA-9I,2021-03-10,-30,-15,42,-45,-24,-6
BS,The Bahamas,New Providence,,,,,ChIJGakt4XeAL4kR2Y2b1FRA-9I,2021-03-11,-30,-13,37,-49,-26,-6
BS,The Bahamas,New Providence,,,,,ChIJGakt4XeAL4kR2Y2b1FRA-9I,2021-03-12,-27,-8,40,-48,-25,-7
BS,The Bahamas,New Providence,,,,,ChIJGakt4XeAL4kR2Y2b1FRA-9I,2021-03-13,-28,-8,35,-50,-26,-10
BS,The Bahamas,New Providence,,,,,ChIJGakt4XeAL4kR2Y2b1FRA-9I,2021-03-14,-43,-25,41,-58,-30,-8
BS,The Bahamas,New Providence,,,,,ChIJGakt4XeAL4kR2Y2b1FRA-9I,2021-03-15,-28,-14,48,-52,-24,-8
BS,The Bahamas,New Providence,,,,,ChIJGakt4XeAL4kR2Y2b1FRA-9I,2021-03-16,-27,-13,43,-50,-24,-8
BS,The Bahamas,New Providence,,,,,ChIJGakt4XeAL4kR2Y2b1FRA-9I,2021-03-17,-30,-15,45,-46,-22,-8
BS,The Bahamas,New Providence,,,,,ChIJGakt4XeAL4kR2Y2b1FRA-9I,2021-03-18,-30,-12,42,-52,-24,-8
BS,The Bahamas,New Providence,,,,,ChIJGakt4XeAL4kR2Y2b1FRA-9I,2021-03-19,-24,-8,46,-41,-22,-9
BS,The Bahamas,New Providence,,,,,ChIJGakt4XeAL4kR2Y2b1FRA-9I,2021-03-20,-28,-10,37,-52,-24,-10
BS,The Bahamas,New Providence,,,,,ChIJGakt4XeAL4kR2Y2b1FRA-9I,2021-03-21,-40,-21,44,-58,-29,-9
BS,The Bahamas,New Providence,,,,,ChIJGakt4XeAL4kR2Y2b1FRA-9I,2021-03-22,-26,-11,48,-50,-22,-9
BS,The Bahamas,New Providence,,,,,ChIJGakt4XeAL4kR2Y2b1FRA-9I,2021-03-23,-25,-10,44,-47,-23,-9
BS,The Bahamas,New Providence,,,,,ChIJGakt4XeAL4kR2Y2b1FRA-9I,2021-03-24,-25,-11,45,-40,-21,-9
BS,The Bahamas,New Providence,,,,,ChIJGakt4XeAL4kR2Y2b1FRA-9I,2021-03-25,-27,-9,40,-45,-23,-9
BS,The Bahamas,New Providence,,,,,ChIJGakt4XeAL4kR2Y2b1FRA-9I,2021-03-26,-22,-7,46,-34,-22,-10
BS,The Bahamas,New Providence,,,,,ChIJGakt4XeAL4kR2Y2b1FRA-9I,2021-03-27,-27,-10,35,-42,-22,-11
BS,The Bahamas,New Providence,,,,,ChIJGakt4XeAL4kR2Y2b1FRA-9I,2021-03-28,-35,-18,46,-50,-28,-10
BS,The Bahamas,New Providence,,,,,ChIJGakt4XeAL4kR2Y2b1FRA-9I,2021-03-29,-18,-5,57,-42,-26,-9
BS,The Bahamas,New Providence,,,,,ChIJGakt4XeAL4kR2Y2b1FRA-9I,2021-03-30,-15,-3,53,-38,-27,-9
BS,The Bahamas,New Providence,,,,,ChIJGakt4XeAL4kR2Y2b1FRA-9I,2021-03-31,-15,2,58,-26,-27,-9
BS,The Bahamas,New Providence,,,,,ChIJGakt4XeAL4kR2Y2b1FRA-9I,2021-04-01,-14,15,52,-19,-31,-9
BS,The Bahamas,New Providence,,,,,ChIJGakt4XeAL4kR2Y2b1FRA-9I,2021-04-02,-61,-39,37,-45,-71,8
BS,The Bahamas,New Providence,,,,,ChIJGakt4XeAL4kR2Y2b1FRA-9I,2021-04-03,-28,-7,26,-46,-29,-7
BS,The Bahamas,New Providence,,,,,ChIJGakt4XeAL4kR2Y2b1FRA-9I,2021-04-04,-41,-28,40,-55,-29,-8
BS,The Bahamas,New Providence,,,,,ChIJGakt4XeAL4kR2Y2b1FRA-9I,2021-04-05,-49,-45,57,-46,-73,8
BS,The Bahamas,New Providence,,,,,ChIJGakt4XeAL4kR2Y2b1FRA-9I,2021-04-06,-22,-5,45,-39,-29,-7
BS,The Bahamas,New Providence,,,,,ChIJGakt4XeAL4kR2Y2b1FRA-9I,2021-04-07,-23,-10,48,-34,-26,-8
BS,The Bahamas,New Providence,,,,,ChIJGakt4XeAL4kR2Y2b1FRA-9I,2021-04-08,-24,-6,43,-39,-26,-7
BS,The Bahamas,New Providence,,,,,ChIJGakt4XeAL4kR2Y2b1FRA-9I,2021-04-09,-21,-5,44,-37,-25,-8
BS,The Bahamas,New Providence,,,,,ChIJGakt4XeAL4kR2Y2b1FRA-9I,2021-04-10,-25,-8,37,-40,-22,-10
BS,The Bahamas,New Providence,,,,,ChIJGakt4XeAL4kR2Y2b1FRA-9I,2021-04-11,-39,-20,41,-47,-27,-9
BS,The Bahamas,New Providence,,,,,ChIJGakt4XeAL4kR2Y2b1FRA-9I,2021-04-12,-26,-11,47,-46,-22,-8
BS,The Bahamas,New Providence,,,,,ChIJGakt4XeAL4kR2Y2b1FRA-9I,2021-04-13,-24,-11,44,-41,-23,-8
BS,The Bahamas,New Providence,,,,,ChIJGakt4XeAL4kR2Y2b1FRA-9I,2021-04-14,-24,-11,47,-42,-22,-8
BS,The Bahamas,New Providence,,,,,ChIJGakt4XeAL4kR2Y2b1FRA-9I,2021-04-15,-24,-7,39,-46,-22,-8
BS,The Bahamas,New Providence,,,,,ChIJGakt4XeAL4kR2Y2b1FRA-9I,2021-04-16,-20,-4,45,-39,-21,-9
BS,The Bahamas,New Providence,,,,,ChIJGakt4XeAL4kR2Y2b1FRA-9I,2021-04-17,-24,-7,34,-49,-21,-10
BS,The Bahamas,New Providence,,,,,ChIJGakt4XeAL4kR2Y2b1FRA-9I,2021-04-18,-33,-17,41,-54,-28,-9
BS,The Bahamas,New Providence,,,,,ChIJGakt4XeAL4kR2Y2b1FRA-9I,2021-04-19,-21,-6,48,-47,-22,-8
BS,The Bahamas,New Providence,,,,,ChIJGakt4XeAL4kR2Y2b1FRA-9I,2021-04-20,-19,-5,41,-46,-24,-9
BS,The Bahamas,New Providence,,,,,ChIJGakt4XeAL4kR2Y2b1FRA-9I,2021-04-21,-22,-7,44,-39,-22,-8
BS,The Bahamas,New Providence,,,,,ChIJGakt4XeAL4kR2Y2b1FRA-9I,2021-04-22,-23,-8,35,-44,-23,-7
BS,The Bahamas,New Providence,,,,,ChIJGakt4XeAL4kR2Y2b1FRA-9I,2021-04-23,-18,-3,42,-39,-20,-8
BS,The Bahamas,New Providence,,,,,ChIJGakt4XeAL4kR2Y2b1FRA-9I,2021-04-24,-22,-7,33,-44,-22,-9
BS,The Bahamas,West Grand Bahama,,,BS-WG,,ChIJrQFAGuLUJokRJCZ56vZZ_Jk,2021-01-01,,,18,,-73,
BS,The Bahamas,West Grand Bahama,,,BS-WG,,ChIJrQFAGuLUJokRJCZ56vZZ_Jk,2021-01-02,,,6,,,
BS,The Bahamas,West Grand Bahama,,,BS-WG,,ChIJrQFAGuLUJokRJCZ56vZZ_Jk,2021-01-03,,,7,,,
BS,The Bahamas,West Grand Bahama,,,BS-WG,,ChIJrQFAGuLUJokRJCZ56vZZ_Jk,2021-01-04,,,19,,-33,
BS,The Bahamas,West Grand Bahama,,,BS-WG,,ChIJrQFAGuLUJokRJCZ56vZZ_Jk,2021-01-05,,,17,,-31,
BS,The Bahamas,West Grand Bahama,,,BS-WG,,ChIJrQFAGuLUJokRJCZ56vZZ_Jk,2021-01-06,,,12,,-32,
BS,The Bahamas,West Grand Bahama,,,BS-WG,,ChIJrQFAGuLUJokRJCZ56vZZ_Jk,2021-01-07,,,4,,-32,
BS,The Bahamas,West Grand Bahama,,,BS-WG,,ChIJrQFAGuLUJokRJCZ56vZZ_Jk,2021-01-08,,,6,,-29,
BS,The Bahamas,West Grand Bahama,,,BS-WG,,ChIJrQFAGuLUJokRJCZ56vZZ_Jk,2021-01-09,,,-2,,,
BS,The Bahamas,West Grand Bahama,,,BS-WG,,ChIJrQFAGuLUJokRJCZ56vZZ_Jk,2021-01-10,,,-1,,,
BS,The Bahamas,West Grand Bahama,,,BS-WG,,ChIJrQFAGuLUJokRJCZ56vZZ_Jk,2021-01-11,,,6,,-76,
BS,The Bahamas,West Grand Bahama,,,BS-WG,,ChIJrQFAGuLUJokRJCZ56vZZ_Jk,2021-01-12,,,0,,-30,
BS,The Bahamas,West Grand Bahama,,,BS-WG,,ChIJrQFAGuLUJokRJCZ56vZZ_Jk,2021-01-13,,,4,,-35,
BS,The Bahamas,West Grand Bahama,,,BS-WG,,ChIJrQFAGuLUJokRJCZ56vZZ_Jk,2021-01-14,,,-5,,-35,
BS,The Bahamas,West Grand Bahama,,,BS-WG,,ChIJrQFAGuLUJokRJCZ56vZZ_Jk,2021-01-15,,,-3,,-29,
BS,The Bahamas,West Grand Bahama,,,BS-WG,,ChIJrQFAGuLUJokRJCZ56vZZ_Jk,2021-01-16,,,-7,,,
BS,The Bahamas,West Grand Bahama,,,BS-WG,,ChIJrQFAGuLUJokRJCZ56vZZ_Jk,2021-01-17,,,-8,,,
BS,The Bahamas,West Grand Bahama,,,BS-WG,,ChIJrQFAGuLUJokRJCZ56vZZ_Jk,2021-01-18,,,4,,-39,
BS,The Bahamas,West Grand Bahama,,,BS-WG,,ChIJrQFAGuLUJokRJCZ56vZZ_Jk,2021-01-19,,,-2,,-35,
BS,The Bahamas,West Grand Bahama,,,BS-WG,,ChIJrQFAGuLUJokRJCZ56vZZ_Jk,2021-01-20,,,0,,-35,
BS,The Bahamas,West Grand Bahama,,,BS-WG,,ChIJrQFAGuLUJokRJCZ56vZZ_Jk,2021-01-21,,,-6,,-36,
BS,The Bahamas,West Grand Bahama,,,BS-WG,,ChIJrQFAGuLUJokRJCZ56vZZ_Jk,2021-01-22,,,2,,-34,
BS,The Bahamas,West Grand Bahama,,,BS-WG,,ChIJrQFAGuLUJokRJCZ56vZZ_Jk,2021-01-23,,,-2,,,
BS,The Bahamas,West Grand Bahama,,,BS-WG,,ChIJrQFAGuLUJokRJCZ56vZZ_Jk,2021-01-24,,,-4,,,
BS,The Bahamas,West Grand Bahama,,,BS-WG,,ChIJrQFAGuLUJokRJCZ56vZZ_Jk,2021-01-25,,,7,,-37,
BS,The Bahamas,West Grand Bahama,,,BS-WG,,ChIJrQFAGuLUJokRJCZ56vZZ_Jk,2021-01-26,,,3,,-34,
BS,The Bahamas,West Grand Bahama,,,BS-WG,,ChIJrQFAGuLUJokRJCZ56vZZ_Jk,2021-01-27,,,3,,-37,
BS,The Bahamas,West Grand Bahama,,,BS-WG,,ChIJrQFAGuLUJokRJCZ56vZZ_Jk,2021-01-28,,,-8,,-35,
BS,The Bahamas,West Grand Bahama,,,BS-WG,,ChIJrQFAGuLUJokRJCZ56vZZ_Jk,2021-01-29,,,-6,,-32,
BS,The Bahamas,West Grand Bahama,,,BS-WG,,ChIJrQFAGuLUJokRJCZ56vZZ_Jk,2021-01-30,,,-9,,,
BS,The Bahamas,West Grand Bahama,,,BS-WG,,ChIJrQFAGuLUJokRJCZ56vZZ_Jk,2021-01-31,,,-11,,,
BS,The Bahamas,West Grand Bahama,,,BS-WG,,ChIJrQFAGuLUJokRJCZ56vZZ_Jk,2021-02-01,,,3,,-37,
BS,The Bahamas,West Grand Bahama,,,BS-WG,,ChIJrQFAGuLUJokRJCZ56vZZ_Jk,2021-02-02,,,-4,,-37,
BS,The Bahamas,West Grand Bahama,,,BS-WG,,ChIJrQFAGuLUJokRJCZ56vZZ_Jk,2021-02-03,,,4,,-37,
BS,The Bahamas,West Grand Bahama,,,BS-WG,,ChIJrQFAGuLUJokRJCZ56vZZ_Jk,2021-02-04,,,0,,-35,
BS,The Bahamas,West Grand Bahama,,,BS-WG,,ChIJrQFAGuLUJokRJCZ56vZZ_Jk,2021-02-05,,,9,,-32,
BS,The Bahamas,West Grand Bahama,,,BS-WG,,ChIJrQFAGuLUJokRJCZ56vZZ_Jk,2021-02-06,,,7,,,
BS,The Bahamas,West Grand Bahama,,,BS-WG,,ChIJrQFAGuLUJokRJCZ56vZZ_Jk,2021-02-07,,,4,,,
BS,The Bahamas,West Grand Bahama,,,BS-WG,,ChIJrQFAGuLUJokRJCZ56vZZ_Jk,2021-02-08,,,8,,-39,
BS,The Bahamas,West Grand Bahama,,,BS-WG,,ChIJrQFAGuLUJokRJCZ56vZZ_Jk,2021-02-09,,,7,,-32,
BS,The Bahamas,West Grand Bahama,,,BS-WG,,ChIJrQFAGuLUJokRJCZ56vZZ_Jk,2021-02-10,,,6,,-39,
BS,The Bahamas,West Grand Bahama,,,BS-WG,,ChIJrQFAGuLUJokRJCZ56vZZ_Jk,2021-02-11,,,-3,,-38,
BS,The Bahamas,West Grand Bahama,,,BS-WG,,ChIJrQFAGuLUJokRJCZ56vZZ_Jk,2021-02-12,,,-5,,-37,
BS,The Bahamas,West Grand Bahama,,,BS-WG,,ChIJrQFAGuLUJokRJCZ56vZZ_Jk,2021-02-13,,,-2,,,
BS,The Bahamas,West Grand Bahama,,,BS-WG,,ChIJrQFAGuLUJokRJCZ56vZZ_Jk,2021-02-14,,,-4,,,
BS,The Bahamas,West Grand Bahama,,,BS-WG,,ChIJrQFAGuLUJokRJCZ56vZZ_Jk,2021-02-15,,,0,,-38,
BS,The Bahamas,West Grand Bahama,,,BS-WG,,ChIJrQFAGuLUJokRJCZ56vZZ_Jk,2021-02-16,,,-7,,-33,
BS,The Bahamas,West Grand Bahama,,,BS-WG,,ChIJrQFAGuLUJokRJCZ56vZZ_Jk,2021-02-17,,,-3,,-34,
BS,The Bahamas,West Grand Bahama,,,BS-WG,,ChIJrQFAGuLUJokRJCZ56vZZ_Jk,2021-02-18,,,-8,,-38,
BS,The Bahamas,West Grand Bahama,,,BS-WG,,ChIJrQFAGuLUJokRJCZ56vZZ_Jk,2021-02-19,,,-5,,-39,
BS,The Bahamas,West Grand Bahama,,,BS-WG,,ChIJrQFAGuLUJokRJCZ56vZZ_Jk,2021-02-20,,,-9,,,
BS,The Bahamas,West Grand Bahama,,,BS-WG,,ChIJrQFAGuLUJokRJCZ56vZZ_Jk,2021-02-21,,,-11,,,
BS,The Bahamas,West Grand Bahama,,,BS-WG,,ChIJrQFAGuLUJokRJCZ56vZZ_Jk,2021-02-22,,,0,,-42,
BS,The Bahamas,West Grand Bahama,,,BS-WG,,ChIJrQFAGuLUJokRJCZ56vZZ_Jk,2021-02-23,,,-2,,-29,
BS,The Bahamas,West Grand Bahama,,,BS-WG,,ChIJrQFAGuLUJokRJCZ56vZZ_Jk,2021-02-24,,,-1,,-37,
BS,The Bahamas,West Grand Bahama,,,BS-WG,,ChIJrQFAGuLUJokRJCZ56vZZ_Jk,2021-02-25,,,-5,,-39,
BS,The Bahamas,West Grand Bahama,,,BS-WG,,ChIJrQFAGuLUJokRJCZ56vZZ_Jk,2021-02-26,,,-1,,-34,
BS,The Bahamas,West Grand Bahama,,,BS-WG,,ChIJrQFAGuLUJokRJCZ56vZZ_Jk,2021-02-27,,,6,,,
BS,The Bahamas,West Grand Bahama,,,BS-WG,,ChIJrQFAGuLUJokRJCZ56vZZ_Jk,2021-02-28,,,1,,,
BS,The Bahamas,West Grand Bahama,,,BS-WG,,ChIJrQFAGuLUJokRJCZ56vZZ_Jk,2021-03-01,,,3,,-42,
BS,The Bahamas,West Grand Bahama,,,BS-WG,,ChIJrQFAGuLUJokRJCZ56vZZ_Jk,2021-03-02,,,-2,,-36,
BS,The Bahamas,West Grand Bahama,,,BS-WG,,ChIJrQFAGuLUJokRJCZ56vZZ_Jk,2021-03-03,,,-4,,-35,
BS,The Bahamas,West Grand Bahama,,,BS-WG,,ChIJrQFAGuLUJokRJCZ56vZZ_Jk,2021-03-04,,,-10,,-34,
BS,The Bahamas,West Grand Bahama,,,BS-WG,,ChIJrQFAGuLUJokRJCZ56vZZ_Jk,2021-03-05,,,-4,,-30,
BS,The Bahamas,West Grand Bahama,,,BS-WG,,ChIJrQFAGuLUJokRJCZ56vZZ_Jk,2021-03-06,,,-9,,,
BS,The Bahamas,West Grand Bahama,,,BS-WG,,ChIJrQFAGuLUJokRJCZ56vZZ_Jk,2021-03-07,,,-7,,,
BS,The Bahamas,West Grand Bahama,,,BS-WG,,ChIJrQFAGuLUJokRJCZ56vZZ_Jk,2021-03-08,,,-2,,-37,
BS,The Bahamas,West Grand Bahama,,,BS-WG,,ChIJrQFAGuLUJokRJCZ56vZZ_Jk,2021-03-09,,,-5,,-33,
BS,The Bahamas,West Grand Bahama,,,BS-WG,,ChIJrQFAGuLUJokRJCZ56vZZ_Jk,2021-03-10,,,-3,,-34,
BS,The Bahamas,West Grand Bahama,,,BS-WG,,ChIJrQFAGuLUJokRJCZ56vZZ_Jk,2021-03-11,,,-6,,-35,
BS,The Bahamas,West Grand Bahama,,,BS-WG,,ChIJrQFAGuLUJokRJCZ56vZZ_Jk,2021-03-12,,,2,,-36,
BS,The Bahamas,West Grand Bahama,,,BS-WG,,ChIJrQFAGuLUJokRJCZ56vZZ_Jk,2021-03-13,,,-1,,,
BS,The Bahamas,West Grand Bahama,,,BS-WG,,ChIJrQFAGuLUJokRJCZ56vZZ_Jk,2021-03-14,,,0,,,
BS,The Bahamas,West Grand Bahama,,,BS-WG,,ChIJrQFAGuLUJokRJCZ56vZZ_Jk,2021-03-15,,,2,,-37,
BS,The Bahamas,West Grand Bahama,,,BS-WG,,ChIJrQFAGuLUJokRJCZ56vZZ_Jk,2021-03-16,,,1,,-35,
BS,The Bahamas,West Grand Bahama,,,BS-WG,,ChIJrQFAGuLUJokRJCZ56vZZ_Jk,2021-03-17,,,2,,-30,
BS,The Bahamas,West Grand Bahama,,,BS-WG,,ChIJrQFAGuLUJokRJCZ56vZZ_Jk,2021-03-18,,,-3,,-32,
BS,The Bahamas,West Grand Bahama,,,BS-WG,,ChIJrQFAGuLUJokRJCZ56vZZ_Jk,2021-03-19,,,2,,-35,
BS,The Bahamas,West Grand Bahama,,,BS-WG,,ChIJrQFAGuLUJokRJCZ56vZZ_Jk,2021-03-20,,,-2,,,
BS,The Bahamas,West Grand Bahama,,,BS-WG,,ChIJrQFAGuLUJokRJCZ56vZZ_Jk,2021-03-21,,,-1,,,
BS,The Bahamas,West Grand Bahama,,,BS-WG,,ChIJrQFAGuLUJokRJCZ56vZZ_Jk,2021-03-22,,,7,,-40,
BS,The Bahamas,West Grand Bahama,,,BS-WG,,ChIJrQFAGuLUJokRJCZ56vZZ_Jk,2021-03-23,,,3,,-33,
BS,The Bahamas,West Grand Bahama,,,BS-WG,,ChIJrQFAGuLUJokRJCZ56vZZ_Jk,2021-03-24,,,6,,-37,
BS,The Bahamas,West Grand Bahama,,,BS-WG,,ChIJrQFAGuLUJokRJCZ56vZZ_Jk,2021-03-25,,,2,,-37,
BS,The Bahamas,West Grand Bahama,,,BS-WG,,ChIJrQFAGuLUJokRJCZ56vZZ_Jk,2021-03-26,,,12,,-35,
BS,The Bahamas,West Grand Bahama,,,BS-WG,,ChIJrQFAGuLUJokRJCZ56vZZ_Jk,2021-03-27,,,0,,,
BS,The Bahamas,West Grand Bahama,,,BS-WG,,ChIJrQFAGuLUJokRJCZ56vZZ_Jk,2021-03-28,,,3,,,
BS,The Bahamas,West Grand Bahama,,,BS-WG,,ChIJrQFAGuLUJokRJCZ56vZZ_Jk,2021-03-29,,,12,,-41,
BS,The Bahamas,West Grand Bahama,,,BS-WG,,ChIJrQFAGuLUJokRJCZ56vZZ_Jk,2021-03-30,,,6,,-42,
BS,The Bahamas,West Grand Bahama,,,BS-WG,,ChIJrQFAGuLUJokRJCZ56vZZ_Jk,2021-03-31,,,8,,-45,
BS,The Bahamas,West Grand Bahama,,,BS-WG,,ChIJrQFAGuLUJokRJCZ56vZZ_Jk,2021-04-01,,,7,,-45,
BS,The Bahamas,West Grand Bahama,,,BS-WG,,ChIJrQFAGuLUJokRJCZ56vZZ_Jk,2021-04-02,,,6,,-77,
BS,The Bahamas,West Grand Bahama,,,BS-WG,,ChIJrQFAGuLUJokRJCZ56vZZ_Jk,2021-04-03,,,-2,,-53,
BS,The Bahamas,West Grand Bahama,,,BS-WG,,ChIJrQFAGuLUJokRJCZ56vZZ_Jk,2021-04-04,,,5,,,
BS,The Bahamas,West Grand Bahama,,,BS-WG,,ChIJrQFAGuLUJokRJCZ56vZZ_Jk,2021-04-05,,,10,,-78,
BS,The Bahamas,West Grand Bahama,,,BS-WG,,ChIJrQFAGuLUJokRJCZ56vZZ_Jk,2021-04-06,,,-4,,-38,
BS,The Bahamas,West Grand Bahama,,,BS-WG,,ChIJrQFAGuLUJokRJCZ56vZZ_Jk,2021-04-07,,,7,,-37,
BS,The Bahamas,West Grand Bahama,,,BS-WG,,ChIJrQFAGuLUJokRJCZ56vZZ_Jk,2021-04-08,,,-4,,-36,
BS,The Bahamas,West Grand Bahama,,,BS-WG,,ChIJrQFAGuLUJokRJCZ56vZZ_Jk,2021-04-09,,,5,,-31,
BS,The Bahamas,West Grand Bahama,,,BS-WG,,ChIJrQFAGuLUJokRJCZ56vZZ_Jk,2021-04-10,,,3,,,
BS,The Bahamas,West Grand Bahama,,,BS-WG,,ChIJrQFAGuLUJokRJCZ56vZZ_Jk,2021-04-11,,,-7,,,
BS,The Bahamas,West Grand Bahama,,,BS-WG,,ChIJrQFAGuLUJokRJCZ56vZZ_Jk,2021-04-12,,,2,,-36,
BS,The Bahamas,West Grand Bahama,,,BS-WG,,ChIJrQFAGuLUJokRJCZ56vZZ_Jk,2021-04-13,,,2,,-32,
BS,The Bahamas,West Grand Bahama,,,BS-WG,,ChIJrQFAGuLUJokRJCZ56vZZ_Jk,2021-04-14,,,2,,-31,
BS,The Bahamas,West Grand Bahama,,,BS-WG,,ChIJrQFAGuLUJokRJCZ56vZZ_Jk,2021-04-15,,,-2,,-32,
BS,The Bahamas,West Grand Bahama,,,BS-WG,,ChIJrQFAGuLUJokRJCZ56vZZ_Jk,2021-04-16,,,-1,,-30,
BS,The Bahamas,West Grand Bahama,,,BS-WG,,ChIJrQFAGuLUJokRJCZ56vZZ_Jk,2021-04-17,,,-3,,,
BS,The Bahamas,West Grand Bahama,,,BS-WG,,ChIJrQFAGuLUJokRJCZ56vZZ_Jk,2021-04-18,,,-2,,,
BS,The Bahamas,West Grand Bahama,,,BS-WG,,ChIJrQFAGuLUJokRJCZ56vZZ_Jk,2021-04-19,,,-3,,-36,
BS,The Bahamas,West Grand Bahama,,,BS-WG,,ChIJrQFAGuLUJokRJCZ56vZZ_Jk,2021-04-20,,,1,,-35,
BS,The Bahamas,West Grand Bahama,,,BS-WG,,ChIJrQFAGuLUJokRJCZ56vZZ_Jk,2021-04-21,,,-6,,-39,
BS,The Bahamas,West Grand Bahama,,,BS-WG,,ChIJrQFAGuLUJokRJCZ56vZZ_Jk,2021-04-22,,,-10,,-34,
BS,The Bahamas,West Grand Bahama,,,BS-WG,,ChIJrQFAGuLUJokRJCZ56vZZ_Jk,2021-04-23,,,3,,-29,
BS,The Bahamas,West Grand Bahama,,,BS-WG,,ChIJrQFAGuLUJokRJCZ56vZZ_Jk,2021-04-24,,,-2,,,
