country_region_code,country_region,sub_region_1,sub_region_2,metro_area,iso_3166_2_code,census_fips_code,place_id,date,retail_and_recreation_percent_change_from_baseline,grocery_and_pharmacy_percent_change_from_baseline,parks_percent_change_from_baseline,transit_stations_percent_change_from_baseline,workplaces_percent_change_from_baseline,residential_percent_change_from_baseline
BA,Bosnia and Herzegovina,,,,,,ChIJ16k3xxWiSxMRDOm3QwPi920,2021-01-01,-56,-67,15,-55,-77,10
BA,Bosnia and Herzegovina,,,,,,ChIJ16k3xxWiSxMRDOm3QwPi920,2021-01-02,-21,-12,14,-29,-36,2
BA,Bosnia and Herzegovina,,,,,,ChIJ16k3xxWiSxMRDOm3QwPi920,2021-01-03,-12,1,12,-20,-14,-1
BA,Bosnia and Herzegovina,,,,,,ChIJ16k3xxWiSxMRDOm3QwPi920,2021-01-04,-7,11,7,-19,-20,1
BA,Bosnia and Herzegovina,,,,,,ChIJ16k3xxWiSxMRDOm3QwPi920,2021-01-05,-2,24,11,-13,-23,0
BA,Bosnia and Herzegovina,,,,,,ChIJ16k3xxWiSxMRDOm3QwPi920,2021-01-06,-18,8,12,-22,-39,3
BA,Bosnia and Herzegovina,,,,,,ChIJ16k3xxWiSxMRDOm3QwPi920,2021-01-07,-28,-13,12,-25,-40,3
BA,Bosnia and Herzegovina,,,,,,ChIJ16k3xxWiSxMRDOm3QwPi920,2021-01-08,-18,-2,-11,-28,-24,2
BA,Bosnia and Herzegovina,,,,,,ChIJ16k3xxWiSxMRDOm3QwPi920,2021-01-09,-25,-16,-11,-29,-22,-1
BA,Bosnia and Herzegovina,,,,,,ChIJ16k3xxWiSxMRDOm3QwPi920,2021-01-10,-21,-9,-19,-23,-15,-1
BA,Bosnia and Herzegovina,,,,,,ChIJ16k3xxWiSxMRDOm3QwPi920,2021-01-11,-17,-3,-22,-23,-15,0
BA,Bosnia and Herzegovina,,,,,,ChIJ16k3xxWiSxMRDOm3QwPi920,2021-01-12,-13,1,-21,-23,-17,-1
BA,Bosnia and Herzegovina,,,,,,ChIJ16k3xxWiSxMRDOm3QwPi920,2021-01-13,-15,4,-20,-23,-19,-2
BA,Bosnia and Herzegovina,,,,,,ChIJ16k3xxWiSxMRDOm3QwPi920,2021-01-14,-27,-12,-23,-29,-30,0
BA,Bosnia and Herzegovina,,,,,,ChIJ16k3xxWiSxMRDOm3QwPi920,2021-01-15,-22,-9,-25,-32,-20,-1
BA,Bosnia and Herzegovina,,,,,,ChIJ16k3xxWiSxMRDOm3QwPi920,2021-01-16,-24,-12,-24,-33,-18,-2
BA,Bosnia and Herzegovina,,,,,,ChIJ16k3xxWiSxMRDOm3QwPi920,2021-01-17,-28,-17,-25,-31,-21,-2
BA,Bosnia and Herzegovina,,,,,,ChIJ16k3xxWiSxMRDOm3QwPi920,2021-01-18,-21,-8,-26,-26,-17,-1
BA,Bosnia and Herzegovina,,,,,,ChIJ16k3xxWiSxMRDOm3QwPi920,2021-01-19,-16,-4,-22,-26,-20,-2
BA,Bosnia and Herzegovina,,,,,,ChIJ16k3xxWiSxMRDOm3QwPi920,2021-01-20,-21,-2,-17,-23,-24,-2
BA,Bosnia and Herzegovina,,,,,,ChIJ16k3xxWiSxMRDOm3QwPi920,2021-01-21,-19,-1,-17,-20,-19,-3
BA,Bosnia and Herzegovina,,,,,,ChIJ16k3xxWiSxMRDOm3QwPi920,2021-01-22,-20,-10,-21,-26,-12,-2
BA,Bosnia and Herzegovina,,,,,,ChIJ16k3xxWiSxMRDOm3QwPi920,2021-01-23,-21,-10,-19,-31,-15,-3
BA,Bosnia and Herzegovina,,,,,,ChIJ16k3xxWiSxMRDOm3QwPi920,2021-01-24,-24,-15,-25,-30,-16,-2
BA,Bosnia and Herzegovina,,,,,,ChIJ16k3xxWiSxMRDOm3QwPi920,2021-01-25,-24,-14,-30,-25,-9,-2
BA,Bosnia and Herzegovina,,,,,,ChIJ16k3xxWiSxMRDOm3QwPi920,2021-01-26,-19,-8,-29,-25,-12,-2
BA,Bosnia and Herzegovina,,,,,,ChIJ16k3xxWiSxMRDOm3QwPi920,2021-01-27,-19,-1,-25,-23,-14,-2
BA,Bosnia and Herzegovina,,,,,,ChIJ16k3xxWiSxMRDOm3QwPi920,2021-01-28,-19,0,-22,-20,-13,-3
BA,Bosnia and Herzegovina,,,,,,ChIJ16k3xxWiSxMRDOm3QwPi920,2021-01-29,-21,-9,-28,-23,-9,-4
BA,Bosnia and Herzegovina,,,,,,ChIJ16k3xxWiSxMRDOm3QwPi920,2021-01-30,-18,-5,-11,-27,-13,-6
BA,Bosnia and Herzegovina,,,,,,ChIJ16k3xxWiSxMRDOm3QwPi920,2021-01-31,-28,-17,-36,-35,-18,-2
BA,Bosnia and Herzegovina,,,,,,ChIJ16k3xxWiSxMRDOm3QwPi920,2021-02-01,-20,-6,-31,-24,-7,-4
BA,Bosnia and Herzegovina,,,,,,ChIJ16k3xxWiSxMRDOm3QwPi920,2021-02-02,-13,1,-23,-21,-9,-5
BA,Bosnia and Herzegovina,,,,,,ChIJ16k3xxWiSxMRDOm3QwPi920,2021-02-03,-15,5,-13,-20,-11,-5
BA,Bosnia and Herzegovina,,,,,,ChIJ16k3xxWiSxMRDOm3QwPi920,2021-02-04,-16,3,-9,-20,-11,-5
BA,Bosnia and Herzegovina,,,,,,ChIJ16k3xxWiSxMRDOm3QwPi920,2021-02-05,-15,0,-9,-22,-6,-5
BA,Bosnia and Herzegovina,,,,,,ChIJ16k3xxWiSxMRDOm3QwPi920,2021-02-06,-15,-2,4,-23,-13,-6
BA,Bosnia and Herzegovina,,,,,,ChIJ16k3xxWiSxMRDOm3QwPi920,2021-02-07,-16,-5,1,-25,-16,-6
BA,Bosnia and Herzegovina,,,,,,ChIJ16k3xxWiSxMRDOm3QwPi920,2021-02-08,-18,-5,-18,-21,-7,-4
BA,Bosnia and Herzegovina,,,,,,ChIJ16k3xxWiSxMRDOm3QwPi920,2021-02-09,-12,3,-18,-19,-8,-4
BA,Bosnia and Herzegovina,,,,,,ChIJ16k3xxWiSxMRDOm3QwPi920,2021-02-10,-14,8,-16,-19,-10,-4
BA,Bosnia and Herzegovina,,,,,,ChIJ16k3xxWiSxMRDOm3QwPi920,2021-02-11,-17,5,-25,-23,-11,-5
BA,Bosnia and Herzegovina,,,,,,ChIJ16k3xxWiSxMRDOm3QwPi920,2021-02-12,-16,-1,-27,-25,-6,-6
BA,Bosnia and Herzegovina,,,,,,ChIJ16k3xxWiSxMRDOm3QwPi920,2021-02-13,-18,-5,-26,-35,-16,-5
BA,Bosnia and Herzegovina,,,,,,ChIJ16k3xxWiSxMRDOm3QwPi920,2021-02-14,-17,-7,-25,-34,-16,-4
BA,Bosnia and Herzegovina,,,,,,ChIJ16k3xxWiSxMRDOm3QwPi920,2021-02-15,-13,3,-24,-22,-7,-6
BA,Bosnia and Herzegovina,,,,,,ChIJ16k3xxWiSxMRDOm3QwPi920,2021-02-16,-10,7,-25,-18,-9,-7
BA,Bosnia and Herzegovina,,,,,,ChIJ16k3xxWiSxMRDOm3QwPi920,2021-02-17,-14,10,-27,-18,-10,-6
BA,Bosnia and Herzegovina,,,,,,ChIJ16k3xxWiSxMRDOm3QwPi920,2021-02-18,-12,12,-16,-15,-10,-7
BA,Bosnia and Herzegovina,,,,,,ChIJ16k3xxWiSxMRDOm3QwPi920,2021-02-19,-13,4,-20,-21,-5,-7
BA,Bosnia and Herzegovina,,,,,,ChIJ16k3xxWiSxMRDOm3QwPi920,2021-02-20,-12,4,-6,-24,-13,-8
BA,Bosnia and Herzegovina,,,,,,ChIJ16k3xxWiSxMRDOm3QwPi920,2021-02-21,-10,4,11,-19,-13,-9
BA,Bosnia and Herzegovina,,,,,,ChIJ16k3xxWiSxMRDOm3QwPi920,2021-02-22,-13,3,-13,-16,-5,-8
BA,Bosnia and Herzegovina,,,,,,ChIJ16k3xxWiSxMRDOm3QwPi920,2021-02-23,-7,8,-13,-15,-7,-8
BA,Bosnia and Herzegovina,,,,,,ChIJ16k3xxWiSxMRDOm3QwPi920,2021-02-24,-10,16,-10,-12,-10,-8
BA,Bosnia and Herzegovina,,,,,,ChIJ16k3xxWiSxMRDOm3QwPi920,2021-02-25,-9,17,-5,-9,-10,-8
BA,Bosnia and Herzegovina,,,,,,ChIJ16k3xxWiSxMRDOm3QwPi920,2021-02-26,-10,9,-5,-14,-5,-9
BA,Bosnia and Herzegovina,,,,,,ChIJ16k3xxWiSxMRDOm3QwPi920,2021-02-27,-13,7,-3,-24,-14,-9
BA,Bosnia and Herzegovina,,,,,,ChIJ16k3xxWiSxMRDOm3QwPi920,2021-02-28,-10,10,7,-20,-14,-9
BA,Bosnia and Herzegovina,,,,,,ChIJ16k3xxWiSxMRDOm3QwPi920,2021-03-01,-23,-10,-2,-35,-41,-4
BA,Bosnia and Herzegovina,,,,,,ChIJ16k3xxWiSxMRDOm3QwPi920,2021-03-02,-7,15,-16,-12,-7,-9
BA,Bosnia and Herzegovina,,,,,,ChIJ16k3xxWiSxMRDOm3QwPi920,2021-03-03,-9,20,-9,-12,-10,-8
BA,Bosnia and Herzegovina,,,,,,ChIJ16k3xxWiSxMRDOm3QwPi920,2021-03-04,-10,20,-6,-12,-10,-8
BA,Bosnia and Herzegovina,,,,,,ChIJ16k3xxWiSxMRDOm3QwPi920,2021-03-05,-12,13,-17,-17,-6,-8
BA,Bosnia and Herzegovina,,,,,,ChIJ16k3xxWiSxMRDOm3QwPi920,2021-03-06,-13,13,-10,-26,-15,-7
BA,Bosnia and Herzegovina,,,,,,ChIJ16k3xxWiSxMRDOm3QwPi920,2021-03-07,-5,19,3,-18,-12,-8
BA,Bosnia and Herzegovina,,,,,,ChIJ16k3xxWiSxMRDOm3QwPi920,2021-03-08,0,23,-10,-12,-6,-9
BA,Bosnia and Herzegovina,,,,,,ChIJ16k3xxWiSxMRDOm3QwPi920,2021-03-09,-14,7,-30,-23,-9,-6
BA,Bosnia and Herzegovina,,,,,,ChIJ16k3xxWiSxMRDOm3QwPi920,2021-03-10,-15,15,-25,-22,-11,-5
BA,Bosnia and Herzegovina,,,,,,ChIJ16k3xxWiSxMRDOm3QwPi920,2021-03-11,-13,18,-14,-15,-11,-7
BA,Bosnia and Herzegovina,,,,,,ChIJ16k3xxWiSxMRDOm3QwPi920,2021-03-12,-18,7,-22,-22,-8,-6
BA,Bosnia and Herzegovina,,,,,,ChIJ16k3xxWiSxMRDOm3QwPi920,2021-03-13,-21,5,2,-29,-18,-6
BA,Bosnia and Herzegovina,,,,,,ChIJ16k3xxWiSxMRDOm3QwPi920,2021-03-14,-26,0,-13,-31,-20,-5
BA,Bosnia and Herzegovina,,,,,,ChIJ16k3xxWiSxMRDOm3QwPi920,2021-03-15,-23,0,-33,-29,-10,-4
BA,Bosnia and Herzegovina,,,,,,ChIJ16k3xxWiSxMRDOm3QwPi920,2021-03-16,-16,8,-31,-26,-12,-4
BA,Bosnia and Herzegovina,,,,,,ChIJ16k3xxWiSxMRDOm3QwPi920,2021-03-17,-18,14,-27,-26,-14,-3
BA,Bosnia and Herzegovina,,,,,,ChIJ16k3xxWiSxMRDOm3QwPi920,2021-03-18,-19,14,-26,-23,-14,-4
BA,Bosnia and Herzegovina,,,,,,ChIJ16k3xxWiSxMRDOm3QwPi920,2021-03-19,-19,6,-22,-27,-10,-4
BA,Bosnia and Herzegovina,,,,,,ChIJ16k3xxWiSxMRDOm3QwPi920,2021-03-20,-26,4,-19,-36,-18,-4
BA,Bosnia and Herzegovina,,,,,,ChIJ16k3xxWiSxMRDOm3QwPi920,2021-03-21,-28,-2,-23,-38,-19,-3
BA,Bosnia and Herzegovina,,,,,,ChIJ16k3xxWiSxMRDOm3QwPi920,2021-03-22,-38,-4,-33,-35,-20,-1
BA,Bosnia and Herzegovina,,,,,,ChIJ16k3xxWiSxMRDOm3QwPi920,2021-03-23,-31,4,-26,-31,-22,-2
BA,Bosnia and Herzegovina,,,,,,ChIJ16k3xxWiSxMRDOm3QwPi920,2021-03-24,-36,6,-26,-35,-25,0
BA,Bosnia and Herzegovina,,,,,,ChIJ16k3xxWiSxMRDOm3QwPi920,2021-03-25,-32,12,-13,-26,-25,-2
BA,Bosnia and Herzegovina,,,,,,ChIJ16k3xxWiSxMRDOm3QwPi920,2021-03-26,-32,4,-6,-29,-21,-3
BA,Bosnia and Herzegovina,,,,,,ChIJ16k3xxWiSxMRDOm3QwPi920,2021-03-27,-33,2,7,-29,-24,-6
BA,Bosnia and Herzegovina,,,,,,ChIJ16k3xxWiSxMRDOm3QwPi920,2021-03-28,-35,1,5,-31,-28,-5
BA,Bosnia and Herzegovina,,,,,,ChIJ16k3xxWiSxMRDOm3QwPi920,2021-03-29,-27,6,-1,-25,-22,-4
BA,Bosnia and Herzegovina,,,,,,ChIJ16k3xxWiSxMRDOm3QwPi920,2021-03-30,-25,10,-8,-25,-24,-4
BA,Bosnia and Herzegovina,,,,,,ChIJ16k3xxWiSxMRDOm3QwPi920,2021-03-31,-24,21,7,-20,-26,-4
BA,Bosnia and Herzegovina,,,,,,ChIJ16k3xxWiSxMRDOm3QwPi920,2021-04-01,-20,27,23,-15,-26,-6
BA,Bosnia and Herzegovina,,,,,,ChIJ16k3xxWiSxMRDOm3QwPi920,2021-04-02,-26,17,3,-24,-26,-4
BA,Bosnia and Herzegovina,,,,,,ChIJ16k3xxWiSxMRDOm3QwPi920,2021-04-03,-29,13,-10,-35,-27,-3
BA,Bosnia and Herzegovina,,,,,,ChIJ16k3xxWiSxMRDOm3QwPi920,2021-04-04,-34,4,2,-29,-29,-4
BA,Bosnia and Herzegovina,,,,,,ChIJ16k3xxWiSxMRDOm3QwPi920,2021-04-05,-16,15,14,-14,-28,-5
BA,Bosnia and Herzegovina,,,,,,ChIJ16k3xxWiSxMRDOm3QwPi920,2021-04-06,-27,7,-28,-28,-24,-2
BA,Bosnia and Herzegovina,,,,,,ChIJ16k3xxWiSxMRDOm3QwPi920,2021-04-07,-25,18,-20,-28,-26,-1
BA,Bosnia and Herzegovina,,,,,,ChIJ16k3xxWiSxMRDOm3QwPi920,2021-04-08,-17,23,-7,-20,-22,-4
BA,Bosnia and Herzegovina,,,,,,ChIJ16k3xxWiSxMRDOm3QwPi920,2021-04-09,-17,15,0,-22,-18,-5
BA,Bosnia and Herzegovina,,,,,,ChIJ16k3xxWiSxMRDOm3QwPi920,2021-04-10,-18,13,13,-21,-17,-8
BA,Bosnia and Herzegovina,,,,,,ChIJ16k3xxWiSxMRDOm3QwPi920,2021-04-11,-21,11,2,-22,-20,-7
BA,Bosnia and Herzegovina,,,,,,ChIJ16k3xxWiSxMRDOm3QwPi920,2021-04-12,-15,16,-6,-18,-14,-7
BA,Bosnia and Herzegovina,,,,,,ChIJ16k3xxWiSxMRDOm3QwPi920,2021-04-13,-26,7,-37,-32,-19,-1
BA,Bosnia and Herzegovina,,,,,,ChIJ16k3xxWiSxMRDOm3QwPi920,2021-04-14,-25,14,-31,-29,-21,-1
BA,Bosnia and Herzegovina,,,,,,ChIJ16k3xxWiSxMRDOm3QwPi920,2021-04-15,-21,19,-16,-23,-19,-3
BA,Bosnia and Herzegovina,,,,,,ChIJ16k3xxWiSxMRDOm3QwPi920,2021-04-16,-21,10,-10,-26,-14,-5
BA,Bosnia and Herzegovina,,,,,,ChIJ16k3xxWiSxMRDOm3QwPi920,2021-04-17,-23,8,-13,-32,-18,-4
BA,Bosnia and Herzegovina,,,,,,ChIJ16k3xxWiSxMRDOm3QwPi920,2021-04-18,-24,8,-16,-31,-21,-3
BA,Bosnia and Herzegovina,,,,,,ChIJ16k3xxWiSxMRDOm3QwPi920,2021-04-19,-22,9,-23,-23,-10,-4
BA,Bosnia and Herzegovina,,,,,,ChIJ16k3xxWiSxMRDOm3QwPi920,2021-04-20,-16,16,-21,-21,-12,-4
BA,Bosnia and Herzegovina,,,,,,ChIJ16k3xxWiSxMRDOm3QwPi920,2021-04-21,-15,23,-5,-16,-14,-5
BA,Bosnia and Herzegovina,,,,,,ChIJ16k3xxWiSxMRDOm3QwPi920,2021-04-22,-16,20,-3,-16,-13,-6
BA,Bosnia and Herzegovina,,,,,,ChIJ16k3xxWiSxMRDOm3QwPi920,2021-04-23,-18,13,-2,-20,-9,-6
BA,Bosnia and Herzegovina,,,,,,ChIJ16k3xxWiSxMRDOm3QwPi920,2021-04-24,-15,14,21,-22,-15,-9
