country_region_code,country_region,sub_region_1,sub_region_2,metro_area,iso_3166_2_code,census_fips_code,place_id,date,retail_and_recreation_percent_change_from_baseline,grocery_and_pharmacy_percent_change_from_baseline,parks_percent_change_from_baseline,transit_stations_percent_change_from_baseline,workplaces_percent_change_from_baseline,residential_percent_change_from_baseline
LU,Luxembourg,,,,,,ChIJRyEhyrlFlUcR75LTAvZg22Q,2021-01-01,-93,-95,-39,-78,-89,35
LU,Luxembourg,,,,,,ChIJRyEhyrlFlUcR75LTAvZg22Q,2021-01-02,-74,-37,-14,-41,-38,15
LU,Luxembourg,,,,,,ChIJRyEhyrlFlUcR75LTAvZg22Q,2021-01-03,-73,-41,-19,-34,-27,8
LU,Luxembourg,,,,,,ChIJRyEhyrlFlUcR75LTAvZg22Q,2021-01-04,-63,-22,-38,-48,-54,23
LU,Luxembourg,,,,,,ChIJRyEhyrlFlUcR75LTAvZg22Q,2021-01-05,-63,-21,-36,-47,-54,23
LU,Luxembourg,,,,,,ChIJRyEhyrlFlUcR75LTAvZg22Q,2021-01-06,-64,-23,-42,-47,-53,23
LU,Luxembourg,,,,,,ChIJRyEhyrlFlUcR75LTAvZg22Q,2021-01-07,-64,-25,-36,-47,-52,23
LU,Luxembourg,,,,,,ChIJRyEhyrlFlUcR75LTAvZg22Q,2021-01-08,-65,-22,-35,-47,-52,25
LU,Luxembourg,,,,,,ChIJRyEhyrlFlUcR75LTAvZg22Q,2021-01-09,-66,-21,-11,-37,-30,13
LU,Luxembourg,,,,,,ChIJRyEhyrlFlUcR75LTAvZg22Q,2021-01-10,-67,-27,9,-35,-24,7
LU,Luxembourg,,,,,,ChIJRyEhyrlFlUcR75LTAvZg22Q,2021-01-11,-32,-9,-19,-29,-28,13
LU,Luxembourg,,,,,,ChIJRyEhyrlFlUcR75LTAvZg22Q,2021-01-12,-38,-10,-31,-30,-30,13
LU,Luxembourg,,,,,,ChIJRyEhyrlFlUcR75LTAvZg22Q,2021-01-13,-43,-11,-34,-30,-29,13
LU,Luxembourg,,,,,,ChIJRyEhyrlFlUcR75LTAvZg22Q,2021-01-14,-48,-21,-25,-30,-30,14
LU,Luxembourg,,,,,,ChIJRyEhyrlFlUcR75LTAvZg22Q,2021-01-15,-47,-11,-17,-30,-32,15
LU,Luxembourg,,,,,,ChIJRyEhyrlFlUcR75LTAvZg22Q,2021-01-16,-42,-5,-18,-31,-22,11
LU,Luxembourg,,,,,,ChIJRyEhyrlFlUcR75LTAvZg22Q,2021-01-17,-65,-24,2,-38,-25,8
LU,Luxembourg,,,,,,ChIJRyEhyrlFlUcR75LTAvZg22Q,2021-01-18,-38,-12,-28,-31,-30,13
LU,Luxembourg,,,,,,ChIJRyEhyrlFlUcR75LTAvZg22Q,2021-01-19,-40,-12,-32,-30,-31,13
LU,Luxembourg,,,,,,ChIJRyEhyrlFlUcR75LTAvZg22Q,2021-01-20,-43,-12,-27,-28,-29,12
LU,Luxembourg,,,,,,ChIJRyEhyrlFlUcR75LTAvZg22Q,2021-01-21,-43,-13,-30,-30,-28,13
LU,Luxembourg,,,,,,ChIJRyEhyrlFlUcR75LTAvZg22Q,2021-01-22,-44,-6,-28,-30,-30,15
LU,Luxembourg,,,,,,ChIJRyEhyrlFlUcR75LTAvZg22Q,2021-01-23,-38,0,-34,-31,-19,10
LU,Luxembourg,,,,,,ChIJRyEhyrlFlUcR75LTAvZg22Q,2021-01-24,-65,-25,-11,-37,-27,8
LU,Luxembourg,,,,,,ChIJRyEhyrlFlUcR75LTAvZg22Q,2021-01-25,-37,-12,-26,-31,-30,13
LU,Luxembourg,,,,,,ChIJRyEhyrlFlUcR75LTAvZg22Q,2021-01-26,-36,-7,-18,-26,-30,12
LU,Luxembourg,,,,,,ChIJRyEhyrlFlUcR75LTAvZg22Q,2021-01-27,-46,-15,-38,-32,-30,14
LU,Luxembourg,,,,,,ChIJRyEhyrlFlUcR75LTAvZg22Q,2021-01-28,-43,-10,-35,-32,-29,13
LU,Luxembourg,,,,,,ChIJRyEhyrlFlUcR75LTAvZg22Q,2021-01-29,-44,-4,-31,-32,-30,15
LU,Luxembourg,,,,,,ChIJRyEhyrlFlUcR75LTAvZg22Q,2021-01-30,-41,-1,-45,-35,-17,10
LU,Luxembourg,,,,,,ChIJRyEhyrlFlUcR75LTAvZg22Q,2021-01-31,-67,-25,-19,-43,-24,7
LU,Luxembourg,,,,,,ChIJRyEhyrlFlUcR75LTAvZg22Q,2021-02-01,-38,-11,-18,-29,-28,12
LU,Luxembourg,,,,,,ChIJRyEhyrlFlUcR75LTAvZg22Q,2021-02-02,-39,-7,-19,-27,-30,11
LU,Luxembourg,,,,,,ChIJRyEhyrlFlUcR75LTAvZg22Q,2021-02-03,-46,-14,-35,-32,-29,13
LU,Luxembourg,,,,,,ChIJRyEhyrlFlUcR75LTAvZg22Q,2021-02-04,-41,-9,-11,-29,-28,11
LU,Luxembourg,,,,,,ChIJRyEhyrlFlUcR75LTAvZg22Q,2021-02-05,-43,-4,-21,-31,-29,14
LU,Luxembourg,,,,,,ChIJRyEhyrlFlUcR75LTAvZg22Q,2021-02-06,-42,-4,-30,-34,-18,10
LU,Luxembourg,,,,,,ChIJRyEhyrlFlUcR75LTAvZg22Q,2021-02-07,-66,-28,-14,-45,-25,7
LU,Luxembourg,,,,,,ChIJRyEhyrlFlUcR75LTAvZg22Q,2021-02-08,-42,-16,-29,-39,-43,17
LU,Luxembourg,,,,,,ChIJRyEhyrlFlUcR75LTAvZg22Q,2021-02-09,-40,-11,-29,-35,-42,16
LU,Luxembourg,,,,,,ChIJRyEhyrlFlUcR75LTAvZg22Q,2021-02-10,-43,-9,-32,-38,-42,16
LU,Luxembourg,,,,,,ChIJRyEhyrlFlUcR75LTAvZg22Q,2021-02-11,-41,-7,-25,-38,-42,16
LU,Luxembourg,,,,,,ChIJRyEhyrlFlUcR75LTAvZg22Q,2021-02-12,-42,0,-19,-40,-44,18
LU,Luxembourg,,,,,,ChIJRyEhyrlFlUcR75LTAvZg22Q,2021-02-13,-38,4,-8,-34,-21,9
LU,Luxembourg,,,,,,ChIJRyEhyrlFlUcR75LTAvZg22Q,2021-02-14,-59,-15,27,-39,-21,6
LU,Luxembourg,,,,,,ChIJRyEhyrlFlUcR75LTAvZg22Q,2021-02-15,-36,-10,-17,-40,-48,16
LU,Luxembourg,,,,,,ChIJRyEhyrlFlUcR75LTAvZg22Q,2021-02-16,-34,-4,7,-33,-46,14
LU,Luxembourg,,,,,,ChIJRyEhyrlFlUcR75LTAvZg22Q,2021-02-17,-41,-8,-24,-36,-46,16
LU,Luxembourg,,,,,,ChIJRyEhyrlFlUcR75LTAvZg22Q,2021-02-18,-40,-7,-14,-36,-45,15
LU,Luxembourg,,,,,,ChIJRyEhyrlFlUcR75LTAvZg22Q,2021-02-19,-42,0,1,-37,-46,17
LU,Luxembourg,,,,,,ChIJRyEhyrlFlUcR75LTAvZg22Q,2021-02-20,-39,-2,55,-25,-18,7
LU,Luxembourg,,,,,,ChIJRyEhyrlFlUcR75LTAvZg22Q,2021-02-21,-48,-8,119,-23,-20,3
LU,Luxembourg,,,,,,ChIJRyEhyrlFlUcR75LTAvZg22Q,2021-02-22,-36,-7,-3,-31,-28,11
LU,Luxembourg,,,,,,ChIJRyEhyrlFlUcR75LTAvZg22Q,2021-02-23,-33,-2,28,-23,-27,10
LU,Luxembourg,,,,,,ChIJRyEhyrlFlUcR75LTAvZg22Q,2021-02-24,-38,-4,7,-25,-27,10
LU,Luxembourg,,,,,,ChIJRyEhyrlFlUcR75LTAvZg22Q,2021-02-25,-35,0,15,-24,-25,10
LU,Luxembourg,,,,,,ChIJRyEhyrlFlUcR75LTAvZg22Q,2021-02-26,-40,5,-19,-30,-27,13
LU,Luxembourg,,,,,,ChIJRyEhyrlFlUcR75LTAvZg22Q,2021-02-27,-33,7,34,-22,-13,7
LU,Luxembourg,,,,,,ChIJRyEhyrlFlUcR75LTAvZg22Q,2021-02-28,-48,1,84,-26,-17,4
LU,Luxembourg,,,,,,ChIJRyEhyrlFlUcR75LTAvZg22Q,2021-03-01,-31,-4,10,-26,-26,10
LU,Luxembourg,,,,,,ChIJRyEhyrlFlUcR75LTAvZg22Q,2021-03-02,-30,0,22,-23,-26,9
LU,Luxembourg,,,,,,ChIJRyEhyrlFlUcR75LTAvZg22Q,2021-03-03,-37,-2,1,-25,-26,10
LU,Luxembourg,,,,,,ChIJRyEhyrlFlUcR75LTAvZg22Q,2021-03-04,-37,-1,-18,-28,-26,11
LU,Luxembourg,,,,,,ChIJRyEhyrlFlUcR75LTAvZg22Q,2021-03-05,-40,3,-14,-29,-27,13
LU,Luxembourg,,,,,,ChIJRyEhyrlFlUcR75LTAvZg22Q,2021-03-06,-33,6,31,-24,-13,7
LU,Luxembourg,,,,,,ChIJRyEhyrlFlUcR75LTAvZg22Q,2021-03-07,-49,0,73,-27,-19,4
LU,Luxembourg,,,,,,ChIJRyEhyrlFlUcR75LTAvZg22Q,2021-03-08,-32,-3,1,-28,-27,11
LU,Luxembourg,,,,,,ChIJRyEhyrlFlUcR75LTAvZg22Q,2021-03-09,-35,-2,-16,-27,-27,10
LU,Luxembourg,,,,,,ChIJRyEhyrlFlUcR75LTAvZg22Q,2021-03-10,-39,-2,-17,-27,-26,11
LU,Luxembourg,,,,,,ChIJRyEhyrlFlUcR75LTAvZg22Q,2021-03-11,-40,-4,-28,-30,-26,12
LU,Luxembourg,,,,,,ChIJRyEhyrlFlUcR75LTAvZg22Q,2021-03-12,-41,3,-24,-30,-27,13
LU,Luxembourg,,,,,,ChIJRyEhyrlFlUcR75LTAvZg22Q,2021-03-13,-40,4,-38,-39,-15,10
LU,Luxembourg,,,,,,ChIJRyEhyrlFlUcR75LTAvZg22Q,2021-03-14,-57,-1,-24,-42,-19,7
LU,Luxembourg,,,,,,ChIJRyEhyrlFlUcR75LTAvZg22Q,2021-03-15,-34,-4,-12,-29,-27,11
LU,Luxembourg,,,,,,ChIJRyEhyrlFlUcR75LTAvZg22Q,2021-03-16,-36,-2,-19,-27,-27,11
LU,Luxembourg,,,,,,ChIJRyEhyrlFlUcR75LTAvZg22Q,2021-03-17,-41,-3,-25,-28,-26,11
LU,Luxembourg,,,,,,ChIJRyEhyrlFlUcR75LTAvZg22Q,2021-03-18,-39,-1,-10,-26,-25,11
LU,Luxembourg,,,,,,ChIJRyEhyrlFlUcR75LTAvZg22Q,2021-03-19,-40,5,-9,-29,-26,13
LU,Luxembourg,,,,,,ChIJRyEhyrlFlUcR75LTAvZg22Q,2021-03-20,-36,4,35,-24,-12,7
LU,Luxembourg,,,,,,ChIJRyEhyrlFlUcR75LTAvZg22Q,2021-03-21,-55,-1,18,-36,-18,6
LU,Luxembourg,,,,,,ChIJRyEhyrlFlUcR75LTAvZg22Q,2021-03-22,-34,-4,-4,-31,-26,11
LU,Luxembourg,,,,,,ChIJRyEhyrlFlUcR75LTAvZg22Q,2021-03-23,-32,1,23,-24,-26,9
LU,Luxembourg,,,,,,ChIJRyEhyrlFlUcR75LTAvZg22Q,2021-03-24,-36,-2,13,-25,-26,10
LU,Luxembourg,,,,,,ChIJRyEhyrlFlUcR75LTAvZg22Q,2021-03-25,-35,1,0,-27,-25,10
LU,Luxembourg,,,,,,ChIJRyEhyrlFlUcR75LTAvZg22Q,2021-03-26,-37,8,7,-26,-27,12
LU,Luxembourg,,,,,,ChIJRyEhyrlFlUcR75LTAvZg22Q,2021-03-27,-39,5,-15,-31,-10,8
LU,Luxembourg,,,,,,ChIJRyEhyrlFlUcR75LTAvZg22Q,2021-03-28,-39,7,88,-26,-11,4
LU,Luxembourg,,,,,,ChIJRyEhyrlFlUcR75LTAvZg22Q,2021-03-29,-28,0,40,-27,-27,9
LU,Luxembourg,,,,,,ChIJRyEhyrlFlUcR75LTAvZg22Q,2021-03-30,-26,7,54,-20,-27,8
LU,Luxembourg,,,,,,ChIJRyEhyrlFlUcR75LTAvZg22Q,2021-03-31,-31,7,33,-22,-28,8
LU,Luxembourg,,,,,,ChIJRyEhyrlFlUcR75LTAvZg22Q,2021-04-01,-27,15,48,-20,-26,8
LU,Luxembourg,,,,,,ChIJRyEhyrlFlUcR75LTAvZg22Q,2021-04-02,-27,33,49,-24,-32,11
LU,Luxembourg,,,,,,ChIJRyEhyrlFlUcR75LTAvZg22Q,2021-04-03,-34,20,50,-24,-14,6
LU,Luxembourg,,,,,,ChIJRyEhyrlFlUcR75LTAvZg22Q,2021-04-04,-54,-20,97,-30,-13,2
LU,Luxembourg,,,,,,ChIJRyEhyrlFlUcR75LTAvZg22Q,2021-04-05,-81,-80,-30,-73,-87,31
LU,Luxembourg,,,,,,ChIJRyEhyrlFlUcR75LTAvZg22Q,2021-04-06,-31,8,-7,-34,-44,13
LU,Luxembourg,,,,,,ChIJRyEhyrlFlUcR75LTAvZg22Q,2021-04-07,-37,-1,-21,-35,-44,14
LU,Luxembourg,,,,,,ChIJRyEhyrlFlUcR75LTAvZg22Q,2021-04-08,-31,2,20,-30,-41,12
LU,Luxembourg,,,,,,ChIJRyEhyrlFlUcR75LTAvZg22Q,2021-04-09,-34,3,28,-31,-42,14
LU,Luxembourg,,,,,,ChIJRyEhyrlFlUcR75LTAvZg22Q,2021-04-10,-41,2,-37,-35,-17,9
LU,Luxembourg,,,,,,ChIJRyEhyrlFlUcR75LTAvZg22Q,2021-04-11,-60,-12,-42,-46,-22,8
LU,Luxembourg,,,,,,ChIJRyEhyrlFlUcR75LTAvZg22Q,2021-04-12,-27,1,7,-33,-40,13
LU,Luxembourg,,,,,,ChIJRyEhyrlFlUcR75LTAvZg22Q,2021-04-13,-26,3,18,-29,-39,12
LU,Luxembourg,,,,,,ChIJRyEhyrlFlUcR75LTAvZg22Q,2021-04-14,-32,0,5,-30,-40,12
LU,Luxembourg,,,,,,ChIJRyEhyrlFlUcR75LTAvZg22Q,2021-04-15,-30,3,19,-30,-38,12
LU,Luxembourg,,,,,,ChIJRyEhyrlFlUcR75LTAvZg22Q,2021-04-16,-35,6,12,-33,-39,15
LU,Luxembourg,,,,,,ChIJRyEhyrlFlUcR75LTAvZg22Q,2021-04-17,-30,5,58,-18,-10,6
LU,Luxembourg,,,,,,ChIJRyEhyrlFlUcR75LTAvZg22Q,2021-04-18,-44,5,34,-29,-14,5
LU,Luxembourg,,,,,,ChIJRyEhyrlFlUcR75LTAvZg22Q,2021-04-19,-27,1,8,-24,-23,10
LU,Luxembourg,,,,,,ChIJRyEhyrlFlUcR75LTAvZg22Q,2021-04-20,-22,7,43,-18,-23,9
LU,Luxembourg,,,,,,ChIJRyEhyrlFlUcR75LTAvZg22Q,2021-04-21,-28,4,18,-20,-22,9
LU,Luxembourg,,,,,,ChIJRyEhyrlFlUcR75LTAvZg22Q,2021-04-22,-24,6,46,-19,-21,8
LU,Luxembourg,,,,,,ChIJRyEhyrlFlUcR75LTAvZg22Q,2021-04-23,-25,13,66,-21,-22,10
LU,Luxembourg,,,,,,ChIJRyEhyrlFlUcR75LTAvZg22Q,2021-04-24,-17,15,120,-6,-4,4
